doc_id,doc_type,parl_year,title,ai_mention_count,context_length,governing_count,affected_count,governing_norm,affected_norm,agency_ratio
hd023729,mot,2025/26,Internationellt samarbete i en utmanande tid,7,1462,0,0,0.0,0.0,0.0
hd023645,mot,2025/26,"Utgiftsområde 9 Hälsovård, sjukvård och social omsorg",2,405,0,0,0.0,0.0,0.0
hc02351,mot,2024/25,Pornografi och sexuell exploatering på nätet,2,405,0,2,0.0,4.926108374384237,-4.926108374384237
ha021483,mot,2022/23,Användning av moderna tester för prostatacancer,1,202,0,0,0.0,0.0,0.0
h5022531,mot,2017/18,Utgiftsområde 24 Näringsliv,1,223,0,0,0.0,0.0,0.0
hb022620,mot,2023/24,Utgiftsområde 14 Arbetsmarknad och arbetsliv,8,1623,1,5,0.6157635467980296,3.078817733990148,-2.4630541871921183
h8023136,mot,2020/21,Trygg och tillgänglig hälso- och sjukvård och äldreomsorg – en nationell reformagenda under och efter covid-19-pandemin,2,447,0,0,0.0,0.0,0.0
hd023735,mot,2025/26,"​​Utgiftsområde 18 Samhällsplanering, bostadsförsörjning och byggande samt konsumentpolitik​",1,202,0,0,0.0,0.0,0.0
h8024032,mot,2020/21,med anledning av prop. 2020/21:100 2021 års ekonomiska vårproposition,1,223,0,0,0.0,0.0,0.0
hb02464,mot,2023/24,Förbud mot mördarrobotar,14,2883,6,1,2.0804438280166435,0.34674063800277394,1.7337031900138695
hd02450,mot,2025/26,Digitalisering i offentlig sektor,3,671,0,0,0.0,0.0,0.0
h9021592,mot,2021/22,"Insyn, algoritmer och AI",11,2274,1,9,0.43956043956043955,3.956043956043956,-3.5164835164835164
h9024040,mot,2021/22,Ökad trygghet och fler som arbetar – Moderaternas budgetmotion för 2022,2,447,0,0,0.0,0.0,0.0
hc021384,mot,2024/25,Konsumentpolitik,11,2232,2,6,0.8956560680698612,2.6869682042095833,-1.7913121361397222
hb022892,mot,2023/24,med anledning av prop. 2023/24:100 2024 års ekonomiska vårproposition,1,202,0,0,0.0,0.0,0.0
hd023559,mot,2025/26,"Finansiell stabilitet, finansmarknadsfrågor och betalningssystemet",1,202,0,0,0.0,0.0,0.0
hd023540,mot,2025/26,Åtgärder mot vansinneskörningar,1,202,0,0,0.0,0.0,0.0
hd023190,mot,2025/26,Migration och integration,2,405,0,0,0.0,0.0,0.0
hd023557,mot,2025/26,Offentlig upphandling,5,1014,1,0,0.9852216748768472,0.0,0.9852216748768472
h8023205,mot,2020/21,Politik för handel och utveckling,1,223,0,0,0.0,0.0,0.0
hc023194,mot,2024/25,Offentlig upphandling,1,202,1,0,4.926108374384237,0.0,4.926108374384237
h8022953,mot,2020/21,En utvecklad sjukvård och omsorg i hela landet,2,418,0,0,0.0,0.0,0.0
hc023069,mot,2024/25,Jämställdhet och mäns våld mot kvinnor,1,202,0,1,0.0,4.926108374384237,-4.926108374384237
hd023647,mot,2025/26,"Utgiftsområde 18 Samhällsplanering, bostadsförsörjning och byggande samt konsumentpolitik",3,608,0,1,0.0,1.6420361247947455,-1.6420361247947455
ha02514,mot,2022/23,Utvisning vid grovt blåljussabotage,1,202,0,0,0.0,0.0,0.0
h9023509,mot,2021/22,En starkare liberal demokrati,6,1259,2,0,1.5873015873015872,0.0,1.5873015873015872
hd023623,mot,2025/26,Internationell samverkan,11,2274,4,3,1.7582417582417582,1.3186813186813187,0.43956043956043955
gj02fi15,mot,1995/96,"med anledning av prop. 1995/96:25 En politik för arbete, trygghet och utveckling",1,223,0,0,0.0,0.0,0.0
hd022388,mot,2025/26,Förändringar i lagen om offentlig upphandling,2,405,2,0,4.926108374384237,0.0,4.926108374384237
hd022777,mot,2025/26,En bättre hälso- och sjukvård,24,4892,1,1,0.20437359493153484,0.20437359493153484,0.0
hc023024,mot,2024/25,Utgiftsområde 16 Utbildning och universitetsforskning,11,2274,3,10,1.3186813186813187,4.395604395604396,-3.0769230769230775
hb022564,mot,2023/24,Försvar och samhällets krisberedskap,6,1259,0,0,0.0,0.0,0.0
h502901,mot,2017/18,Exponentiella teknologier,1,223,0,0,0.0,0.0,0.0
h9024723,mot,2021/22,med anledning av prop. 2021/22:100 2022 års ekonomiska vårproposition,4,874,1,0,1.142857142857143,0.0,1.142857142857143
h702382,mot,2019/20,Exponentiella teknologier,1,223,0,0,0.0,0.0,0.0
hb021337,mot,2023/24,Utredning för att förbättra Sveriges AI-kompetens,15,3032,3,0,0.9891196834817012,0.0,0.9891196834817012
hb022634,mot,2023/24,Utgiftsområde 24 Näringsliv,1,202,0,0,0.0,0.0,0.0
gi02a28,mot,1994/95,med anledning av prop. 1994/95:158 Ny myndighetsorganisation inom arbetslivsområdet m.m.,1,202,0,0,0.0,0.0,0.0
h9024006,mot,2021/22,En högre utbildning med högre ambitioner,13,2722,2,1,0.7344840249724568,0.3672420124862284,0.3672420124862284
hc021236,mot,2024/25,Utökat nordiskt samarbete inom AI-fältet för ökad konkurrenskraft,21,4283,4,0,0.9337068160597572,0.0,0.9337068160597572
h7021000,mot,2019/20,Digitalisering,2,396,0,0,0.0,0.0,0.0
h602163,mot,2018/19,Exponentiella teknologier,1,223,0,0,0.0,0.0,0.0
hd023405,mot,2025/26,Ökad civil försvarsförmåga och stärkt krisberedskap,14,2841,5,13,1.7593244194229416,4.574243490499648,-2.8149190710767065
h9023639,mot,2021/22,Cybersäkerhet och cyberförsvar,2,447,0,0,0.0,0.0,0.0
gj02t51,mot,1995/96,med anledning av prop. 1995/96:125 Åtgärder för att bredda och utveckla användningen av informationsteknik,1,223,0,0,0.0,0.0,0.0
h9023689,mot,2021/22,En tillväxtagenda för hela Sverige,3,608,0,0,0.0,0.0,0.0
hd023808,mot,2025/26,En hem-chatt-reform,30,6107,0,0,0.0,0.0,0.0
hd023459,mot,2025/26,"Utgiftsområde 17 Kultur, medier, trossamfund och fritid",13,2638,1,4,0.378931413414172,1.515725653656688,-1.1367942402425162
hb02427,mot,2023/24,Immaterialrättsliga frågor i ett digitalt samhälle,1,223,0,0,0.0,0.0,0.0
hc023309,mot,2024/25,"med anledning av prop. 2024/25:60 Forskning och innovation för framtid, nyfikenhet och nytta",11,2358,0,0,0.0,0.0,0.0
h9023690,mot,2021/22,Regelförbättringar för landets företagare,1,202,0,0,0.0,0.0,0.0
hc022952,mot,2024/25,Digitalisering för hela Sverige,23,4710,0,2,0.0,0.4245383145828911,-0.4245383145828911
gd02ub642,mot,1989/90,Utbyggnad av högskolan i Skövde,2,426,0,0,0.0,0.0,0.0
h9023227,mot,2021/22,En hållbar digitalisering,6,1217,0,2,0.0,1.6420361247947455,-1.6420361247947455
hb021628,mot,2023/24,För ett tryggare Malmö och Sverige,1,202,0,0,0.0,0.0,0.0
hc02396,mot,2024/25,AI-utbildning inom grundskolan,17,3421,2,0,0.5844535359438924,0.0,0.5844535359438924
hd023770,mot,2025/26,Sverige förtjänar bättre – Miljöpartiets budgetmotion för 2026,2,405,0,0,0.0,0.0,0.0
h7023024,mot,2019/20,Handel utvecklar världen,1,223,0,0,0.0,0.0,0.0
gf02ub453,mot,1991/92,Utbyggnad av högskolan i Skövde,1,223,0,0,0.0,0.0,0.0
h7022677,mot,2019/20,Fler företag och stärkt konkurrenskraft,3,650,0,0,0.0,0.0,0.0
hc023026,mot,2024/25,Utgiftsområde 10 Ekonomisk trygghet vid sjukdom och funktionsnedsättning,8,1686,1,3,0.5927682276229994,1.7783046828689981,-1.1855364552459986
h8023483,mot,2020/21,En långsiktig svensk konkurrenskraft,13,2659,0,2,0.0,0.7518796992481204,-0.7518796992481204
h9023223,mot,2021/22,Integration,2,405,0,0,0.0,0.0,0.0
h6022747,mot,2018/19,Förbud mot autonoma vapensystem,2,426,0,0,0.0,0.0,0.0
hb022455,mot,2023/24,Digitalisering för hela Sverige,6,1217,0,2,0.0,1.6420361247947455,-1.6420361247947455
h802409,mot,2020/21,För ett tryggare Malmö och Sverige,1,202,0,0,0.0,0.0,0.0
h8022776,mot,2020/21,Utgiftsområde 5 Internationell samverkan,1,223,0,0,0.0,0.0,0.0
hc022948,mot,2024/25,Arbetsmarknad,4,832,2,0,2.4009603841536613,0.0,2.4009603841536613
hd023593,mot,2025/26,Utgiftsområde 24 Näringsliv,10,2050,0,0,0.0,0.0,0.0
ha021911,mot,2022/23,Stockholm – möjligheternas storstadsregion,3,608,2,0,3.284072249589491,0.0,3.284072249589491
hb022457,mot,2023/24,Livskraft och framtidstro i Sveriges landsbygder,1,202,0,0,0.0,0.0,0.0
hb022454,mot,2023/24,Utbildning och forskning – för en stark kunskapsnation,1,223,0,0,0.0,0.0,0.0
h8023834,mot,2020/21,"med anledning av prop. 2020/21:60 Forskning, frihet, framtid - kunskap och innovation för Sverige",8,1686,1,0,0.5927682276229994,0.0,0.5927682276229994
hd023551,mot,2025/26,Ny riktning för Sverige,3,608,0,0,0.0,0.0,0.0
h7023315,mot,2019/20,Utgiftsområde 6 Försvar och samhällets krisberedskap,1,223,0,0,0.0,0.0,0.0
hb022689,mot,2023/24,Det gröna framtidsbygget,1,223,0,0,0.0,0.0,0.0
hb022685,mot,2023/24,Utgiftsområde 1 Rikets styrelse,4,832,0,0,0.0,0.0,0.0
h9024121,mot,2021/22,Centerpartiets budgetmotion 2022,1,202,0,0,0.0,0.0,0.0
h6022934,mot,2018/19,Sverige ska hålla ihop – reformer för ökad tillväxt och ett återupprättat samhällskontrakt,9,1826,0,0,0.0,0.0,0.0
hb02422,mot,2023/24,En framtidsinriktad it-politik,6,1301,0,1,0.0,0.7680491551459293,-0.7680491551459293
gd02ub589,mot,1989/90,Högskolan i Skövde,2,426,0,0,0.0,0.0,0.0
hd023667,mot,2025/26,För ett starkare innovationsklimat i Västsverige och hela Sverige,2,426,0,1,0.0,2.34192037470726,-2.34192037470726
hb02413,mot,2023/24,Sverigevänlig konsumentpolitik,5,1035,3,0,2.8957528957528957,0.0,2.8957528957528957
ha021673,mot,2022/23,Jämställdhet för hållbar utveckling,3,608,0,2,0.0,3.284072249589491,-3.284072249589491
h8023444,mot,2020/21,Cybersäkerhet och cyberförsvar,2,426,0,0,0.0,0.0,0.0
ha02843,mot,2022/23,Hållbara gröna och blå näringar,1,223,0,0,0.0,0.0,0.0
hb02410,mot,2023/24,Hållbar vattenförsörjning och vattenhantering,3,650,0,0,0.0,0.0,0.0
h8023479,mot,2020/21,Ett nytt digitalt ledarskap för Sverige,26,5340,3,2,0.5616925669350309,0.37446171129002065,0.18723085564501024
h9023511,mot,2021/22,En stark och grön ekonomi med fler företag,6,1217,0,0,0.0,0.0,0.0
ha02732,mot,2022/23,Individualiserad bröstcancerscreening,1,223,0,0,0.0,0.0,0.0
hd0254,mot,2025/26,"med anledning av skr. 2024/25:193 Försvarsindustristrategi för ett starkare Sverige – innovation, produktion och samarbete",2,405,0,0,0.0,0.0,0.0
h9023762,mot,2021/22,Riv hinder för digitalisering av hälso- och sjukvård samt socialtjänsten,1,223,0,0,0.0,0.0,0.0
ha02274,mot,2022/23,Onlineplattformar och det straffrättsliga regelverket,1,202,0,0,0.0,0.0,0.0
hc02485,mot,2024/25,Utveckling av gymnasieskolans ekonomiprogram mot ekonomisk redovisning,4,793,0,0,0.0,0.0,0.0
hb022817,mot,2023/24,med anledning av skr. 2023/24:59 Regeringens klimathandlingsplan – hela vägen till nettonoll,2,447,2,0,4.464285714285714,0.0,4.464285714285714
ha022180,mot,2022/23,"Jobben, klimatet och hela landet – Centerpartiets budgetmotion för 2023",1,202,0,0,0.0,0.0,0.0
h8022707,mot,2020/21,Främja svenska livsmedel och stärka särskilt småskalig odling och produktion,1,202,0,0,0.0,0.0,0.0
hd021054,mot,2025/26,Mänsklighetens utveckling och de existentiella hoten,1,223,0,2,0.0,8.928571428571429,-8.928571428571429
h9023378,mot,2021/22,Liberal digitaliseringspolitik för Sverige,21,4346,4,0,0.9201748332183115,0.0,0.9201748332183115
hd023365,mot,2025/26,Livslångt lärande och forskning för ett hållbart samhälle,17,3492,1,0,0.286286859433152,0.0,0.286286859433152
hb021927,mot,2023/24,Uppdatering av Sveriges AI-strategi,9,1781,0,0,0.0,0.0,0.0
hc021467,mot,2024/25,En framtidsinriktad it-politik,6,1301,0,1,0.0,0.7680491551459293,-0.7680491551459293
hc021363,mot,2024/25,En tillgänglig sjukvård i världsklass,1,202,1,0,4.926108374384237,0.0,4.926108374384237
h9021423,mot,2021/22,Västsverige är ett tillväxtområde,1,202,0,0,0.0,0.0,0.0
gd02a25,mot,1989/90,med anledning av prop. 1989/90:90 om forskning,2,405,0,0,0.0,0.0,0.0
hb02318,mot,2023/24,Jönköping University till Jönköpings universitet,6,1217,0,0,0.0,0.0,0.0
h9022534,mot,2021/22,Sverigevänlig konsumentpolitik,6,1259,3,0,2.3809523809523814,0.0,2.3809523809523814
h9023790,mot,2021/22,En svensk digitaliserad offentlig förvaltning i framkant,6,1238,1,1,0.8071025020177562,0.8071025020177562,0.0
hb022562,mot,2023/24,Internationell samverkan,7,1462,3,1,2.050580997949419,0.6835269993164731,1.367053998632946
hd023581,mot,2025/26,Rättspolitik,3,608,0,0,0.0,0.0,0.0
hc021954,mot,2024/25,Stockholms stad – uppfinnandets och innovationens huvudstad,2,405,1,0,2.4630541871921183,0.0,2.4630541871921183
hd023736,mot,2025/26,Utgiftsområde 24 Näringsliv​,5,1014,0,0,0.0,0.0,0.0
hb022484,mot,2023/24,Rättspolitik,3,608,0,0,0.0,0.0,0.0
gd02a118,mot,1989/90,med anledning av prop. 1989/90:76 1989/90,1,202,0,0,0.0,0.0,0.0
hd02441,mot,2025/26,Stöd för regimbyte i Iran,1,202,0,0,0.0,0.0,0.0
ha02942,mot,2022/23,Exponentiella teknologier,1,223,0,0,0.0,0.0,0.0
hb022893,mot,2023/24,med anledning av prop. 2023/24:100 2024 års ekonomiska vårproposition,1,202,1,0,4.926108374384237,0.0,4.926108374384237
h9023695,mot,2021/22,Trygg och tillgänglig hjärt-kärlsjukvård,1,223,0,0,0.0,0.0,0.0
h9023980,mot,2021/22,Politik för årsrika,5,1014,0,0,0.0,0.0,0.0
hd023594,mot,2025/26,Utgiftsområde 21 Energi,1,202,0,0,0.0,0.0,0.0
h002ub507,mot,2012/13,Forskning inom robotik och AI,4,799,0,2,0.0,2.5,-2.5
hc021360,mot,2024/25,En kvalitativ cancervård i framkant,20,4059,2,2,0.4926108374384236,0.4926108374384236,0.0
hb022693,mot,2023/24,El- och energiförsörjning för ökad tillväxt och välstånd,1,202,0,0,0.0,0.0,0.0
ha02612,mot,2022/23,Ryssland,1,202,0,0,0.0,0.0,0.0
hc023048,mot,2024/25,"Utgiftsområde 20 Klimat, miljö och natur",1,202,0,0,0.0,0.0,0.0
hd023520,mot,2025/26,"Utgiftsområde 17 Kultur, medier, trossamfund och fritid",3,608,0,0,0.0,0.0,0.0
hc021282,mot,2024/25,Uppdatering av Sveriges AI-strategi,33,6693,4,5,0.5975500448162533,0.7469375560203168,-0.14938751120406346
h9023845,mot,2021/22,Högre utbildning och forskning,1,202,0,0,0.0,0.0,0.0
h602143,mot,2018/19,Upphovsrätt,1,223,0,0,0.0,0.0,0.0
hb02882,mot,2023/24,Utvisning vid grovt blåljussabotage,1,202,0,0,0.0,0.0,0.0
hc023196,mot,2024/25,"Finansiell stabilitet, finansmarknadsfrågor och betalningssystemet",1,202,0,0,0.0,0.0,0.0
hd022297,mot,2025/26,Skärpning av lagen om ansvar för elektroniska anslagstavlor – lex Flashback,1,223,0,0,0.0,0.0,0.0
h8023140,mot,2020/21,En ny uppdaterad nationell cancerstrategi,3,671,0,0,0.0,0.0,0.0
hc022055,mot,2024/25,AI:s betydelse för framtidens arbetsmarknad och skola,6,1181,1,1,0.8460236886632826,0.8460236886632826,0.0
hc023021,mot,2024/25,Hemchattreform,33,6719,0,0,0.0,0.0,0.0
h5024162,mot,2017/18,med anledning av prop. 2017/18:100 2018 års ekonomiska vårproposition,5,1035,0,0,0.0,0.0,0.0
hd023191,mot,2025/26,Arbetsmarknad,4,832,2,0,2.4009603841536613,0.0,2.4009603841536613
hd023425,mot,2025/26,En grön AI-politik,55,11173,8,3,0.7159477358152855,0.26848040093073205,0.4474673348845534
hd023805,mot,2025/26,Stockholm som nationellt innovationsområde,3,608,2,0,3.284072249589491,0.0,3.284072249589491
ha022383,mot,2022/23,med anledning av prop. 2022/23:100 2023 års ekonomiska vårproposition,4,874,1,0,1.142857142857143,0.0,1.142857142857143
hd022391,mot,2025/26,Obligatoriskt biometriskt register,1,202,1,1,4.926108374384237,4.926108374384237,0.0
gg02ub44,mot,1992/93,med anledning av prop. 1992/93:169 Högre utbildning för ökad kompetens,1,223,0,0,0.0,0.0,0.0
hd023516,mot,2025/26,Utgiftsområde 1 Rikets styrelse,2,405,0,0,0.0,0.0,0.0
h602405,mot,2018/19,Digitalisering i näringslivet,1,223,0,0,0.0,0.0,0.0
h9022564,mot,2021/22,Arbetsmiljö,3,629,0,0,0.0,0.0,0.0
ha02810,mot,2022/23,En mer effektiv innovationspolitik,7,1441,6,0,4.160887656033287,0.0,4.160887656033287
hd023721,mot,2025/26,Utgiftsområde 1 Rikets styrelse,3,629,0,0,0.0,0.0,0.0
hd023186,mot,2025/26,En skola för kunskap och livsresor,5,1014,1,0,0.9852216748768472,0.0,0.9852216748768472
h9023362,mot,2021/22,Trygg och säker försörjning och användning av läkemedel – god och jämlik tillgång på nya effektivare läkemedelsbehandlingar,4,895,0,0,0.0,0.0,0.0
h6021975,mot,2018/19,Utbildning,1,223,0,0,0.0,0.0,0.0
hc021284,mot,2024/25,Plan för implementering av AI-stöd inom svenska myndigheter,21,4276,12,0,2.8057049333645074,0.0,2.8057049333645074
hc023136,mot,2024/25,Utgiftsområde 24 Näringsliv,4,811,2,0,2.4630541871921183,0.0,2.4630541871921183
hc022955,mot,2024/25,Livskraft och framtidstro på Sveriges landsbygder,1,202,0,0,0.0,0.0,0.0
hb022819,mot,2023/24,med anledning av skr. 2023/24:59 Regeringens klimathandlingsplan – hela vägen till nettonoll,2,426,0,0,0.0,0.0,0.0
ha021121,mot,2022/23,"Fler företag, fler jobb och stärkt konkurrenskraft i hela landet",6,1217,0,0,0.0,0.0,0.0
h7022921,mot,2019/20,Riv hinder för digitalisering av hälso- och sjukvård,1,223,0,0,0.0,0.0,0.0
h6022043,mot,2018/19,Liberal digitaliseringspolitik,17,3526,6,1,1.7011624610150269,0.28352707683583783,1.417635384179189
hc021464,mot,2024/25,En tillväxtorienterad politik för industrilandet Sverige,1,223,0,0,0.0,0.0,0.0
h7021993,mot,2019/20,Självkörande fordon,1,202,0,0,0.0,0.0,0.0
h9023687,mot,2021/22,En politik för ökad svensk konkurrenskraft,13,2659,1,2,0.3759398496240602,0.7518796992481204,-0.3759398496240602
hc021271,mot,2024/25,Digitaliseringens fördelar,2,405,0,0,0.0,0.0,0.0
h8023328,mot,2020/21,Digitalisering i skolor och högskolor,3,629,0,0,0.0,0.0,0.0
hb022491,mot,2023/24,Migration och integration,2,405,0,0,0.0,0.0,0.0
hd023811,mot,2025/26,En budget för framtiden – fler jobb och lägre utsläpp,17,3450,0,0,0.0,0.0,0.0
hb02897,mot,2023/24,Giftiga ämnen,4,811,1,0,1.2315270935960592,0.0,1.2315270935960592
hd021815,mot,2025/26,Märkning av AI-genererat material för att motverka desinformation och deepfakes,5,1041,5,1,4.798464491362764,0.9596928982725528,3.838771593090211
hd023506,mot,2025/26,"Utgiftsområde 20 Klimat, miljö och natur",1,202,0,0,0.0,0.0,0.0
h9023665,mot,2021/22,Cirkulär ekonomi och kemikalier,1,223,0,0,0.0,0.0,0.0
hd023184,mot,2025/26,Bostäder och samhällsbyggnad,2,426,0,0,0.0,0.0,0.0
h5022655,mot,2017/18,Förbjud autonoma dödliga vapensystem och reglera utvecklingen av artificiell intelligens,31,6397,15,4,2.344482650828384,0.6251953735542357,1.719287277274148
hd023422,mot,2025/26,En grön klimathandlingsplan 2026,2,426,0,0,0.0,0.0,0.0
hd023837,mot,2025/26,"med anledning av prop. 2025/26:32 Sänkt skatt på arbetsinkomster, pension och sjuk- och aktivitetsersättning",3,608,0,0,0.0,0.0,0.0
h8022924,mot,2020/21,"Regelförenkling för bättre styrning, service och ökat företagande",1,202,0,0,0.0,0.0,0.0
ha02884,mot,2022/23,Utbildning för livslångt lärande,1,202,0,0,0.0,0.0,0.0
ha022140,mot,2022/23,Utgiftsområde 22 Kommunikationer,10,2113,0,0,0.0,0.0,0.0
hd021857,mot,2025/26,Förberedelser av unga för en digitaliserad värld,2,405,0,1,0.0,2.4630541871921183,-2.4630541871921183
hc022457,mot,2024/25,AI:s roll i den digitala och gröna omställningen i Västsverige,13,2625,1,1,0.38080731150038083,0.38080731150038083,0.0
h7022760,mot,2019/20,"Utgiftsområde 23 Areella näringar, landsbygd och livsmedel",6,1238,0,0,0.0,0.0,0.0
h8021088,mot,2020/21,Etablera pilotområde för moderna transportlösningar,1,202,0,0,0.0,0.0,0.0
hb022640,mot,2023/24,Utgiftsområde 4 Rättsväsendet,1,202,0,1,0.0,4.926108374384237,-4.926108374384237
hd021807,mot,2025/26,AI i arbetet mot välfärdsbrottslighet,10,2029,0,0,0.0,0.0,0.0
h9024039,mot,2021/22,Så får vi ordning på Sverige – Utrikes och EU samt försvar och civil beredskap,4,832,0,0,0.0,0.0,0.0
h702392,mot,2019/20,En upphovsrätt anpassad efter det digitala samhället,1,223,0,0,0.0,0.0,0.0
h8023369,mot,2020/21,Trygg och tillgänglig hälso- och sjukvård,2,447,0,0,0.0,0.0,0.0
h9023774,mot,2021/22,Handel för en öppnare värld,5,1056,2,0,1.8921475875118259,0.0,1.8921475875118259
hc023435,mot,2024/25,med anledning av prop. 2024/25:166 En lag om public service och riktlinjer för verksamheten 2026–2033,1,202,0,0,0.0,0.0,0.0
h6022900,mot,2018/19,Sverige ska vara ett digitalt föregångsland,25,5137,0,4,0.0,0.7785130400934215,-0.7785130400934215
hd022801,mot,2025/26,Stärkt militärt samarbete och handel med Taiwan,1,202,0,0,0.0,0.0,0.0
hd022186,mot,2025/26,Minskad byråkrati,1,202,0,0,0.0,0.0,0.0
ha022013,mot,2022/23,Näringspolitik i Västsverige,1,202,0,0,0.0,0.0,0.0
hd023586,mot,2025/26,Utgiftsområde 4 Rättsväsendet,1,202,0,0,0.0,0.0,0.0
ha021880,mot,2022/23,Integration,2,405,0,0,0.0,0.0,0.0
gz02ub501,mot,2011/12,Riktat forskningsanslag för grundforskning inom robotik och AI,4,814,0,2,0.0,2.4539877300613497,-2.4539877300613497
h9024173,mot,2021/22,En folkhälsopolitik att lita på,2,426,0,0,0.0,0.0,0.0
hb02440,mot,2023/24,"Demokrati, integritet och transparens",28,5728,5,3,0.8727526618956188,0.5236515971373713,0.34910106475824754
h9023880,mot,2021/22,"Utgiftsområde 23 Areella näringar, landsbygd och livsmedel",7,1441,0,0,0.0,0.0,0.0
hc023199,mot,2024/25,Ett rikare och rättvisare Sverige,1,202,0,1,0.0,4.926108374384237,-4.926108374384237
h9023363,mot,2021/22,Cancervård utan köer,3,671,0,0,0.0,0.0,0.0
hd023357,mot,2025/26,Om vikten av ett stärkt nordisk-baltiskt samarbete,1,202,0,0,0.0,0.0,0.0
h8023473,mot,2020/21,En svensk digitaliserad offentlig förvaltning i framkant,6,1227,1,1,0.8143322475570033,0.8143322475570033,0.0
hd023601,mot,2025/26,Utgiftsområde 10 Ekonomisk trygghet vid sjukdom och funktionsnedsättning,1,202,0,0,0.0,0.0,0.0
hc023070,mot,2024/25,Utgiftsområde 14 Arbetsmarknad och arbetsliv,10,2029,1,5,0.4926108374384236,2.4630541871921183,-1.9704433497536948
hc023098,mot,2024/25,Utvisning vid grovt blåljussabotage,1,202,0,0,0.0,0.0,0.0
hc023042,mot,2024/25,Utgiftsområde 5 Internationell samverkan,1,201,0,0,0.0,0.0,0.0
hb02831,mot,2023/24,Utveckling av gymnasieskolans ekonomiprogram mot ekonomisk redovisning,4,793,0,0,0.0,0.0,0.0
gd02n357,mot,1989/90,Ägandespridning,3,608,1,1,1.6420361247947455,1.6420361247947455,0.0
hd023181,mot,2025/26,Konsumentpolitik,2,405,1,1,2.4630541871921183,2.4630541871921183,0.0
hc021344,mot,2024/25,Filmpolitik,1,202,0,0,0.0,0.0,0.0
hc023308,mot,2024/25,"med anledning av prop. 2024/25:72 Forskning och innovation på energiområdet för försörjningstrygghet, konkurrenskraft och klimatomställning",1,202,0,0,0.0,0.0,0.0
h9023580,mot,2021/22,"Regelförenkling för bättre styrning, service och ökat företagande",1,202,0,0,0.0,0.0,0.0
h8021746,mot,2020/21,Högre utbildning och forskning,1,202,0,0,0.0,0.0,0.0
ha02359,mot,2022/23,För ett tryggare Malmö och Sverige,1,202,0,0,0.0,0.0,0.0
hb0217,mot,2023/24,AI och upphovsrätt,24,4881,1,5,0.20483408439164277,1.024170421958214,-0.8193363375665712
hd02932,mot,2025/26,En ny väg mot arbetstidsförkortning,3,671,0,1,0.0,1.488095238095238,-1.488095238095238
hb022733,mot,2023/24,Centerpartiets budgetmotion 2024,1,202,0,0,0.0,0.0,0.0
hc023111,mot,2024/25,Utgiftsområde 4 Rättsväsendet,6,1251,1,3,0.7987220447284344,2.3961661341853033,-1.5974440894568689
h9021451,mot,2021/22,Reglerna för arbetskraftsinvandring,1,202,0,0,0.0,0.0,0.0
hd023411,mot,2025/26,"Kina – mänskliga rättigheter, miljö och geopolitik",4,811,1,0,1.2315270935960592,0.0,1.2315270935960592
hd023483,mot,2025/26,Fotografi som konstform,1,202,1,0,4.926108374384237,0.0,4.926108374384237
h7023342,mot,2019/20,Liberal digitaliseringspolitik för Sverige,22,4541,6,1,1.321003963011889,0.22016732716864817,1.1008366358432409
hd021568,mot,2025/26,Tillgänglighet av nordiska public service-medier i hela Norden,1,202,0,0,0.0,0.0,0.0
hd021230,mot,2025/26,Västsvensk industri,1,223,0,0,0.0,0.0,0.0
hb022728,mot,2023/24,Utgiftsområde 24 Näringsliv,1,202,0,0,0.0,0.0,0.0
h8023207,mot,2020/21,EU och digitalisering,16,3247,0,6,0.0,1.8472906403940885,-1.8472906403940885
hc023107,mot,2024/25,Internationell samverkan,7,1462,3,1,2.050580997949419,0.6835269993164731,1.367053998632946
hc023164,mot,2024/25,Rättspolitik,3,608,0,0,0.0,0.0,0.0
gm02ub473,mot,1998/99,Högskolan i Skövde,2,447,0,0,0.0,0.0,0.0
h802654,mot,2020/21,Arbetsmiljö,3,629,0,0,0.0,0.0,0.0
hc021451,mot,2024/25,Svensk innovationskraft och immaterialrätt,1,202,0,0,0.0,0.0,0.0
h9024184,mot,2021/22,Välfärdsbrottslighet,2,405,0,0,0.0,0.0,0.0
ha02939,mot,2022/23,Immaterialrättsliga frågor i ett digitalt samhälle,1,223,0,0,0.0,0.0,0.0
gd02so274,mot,1989/90,Riktlinjer för socialpolitiken,1,202,0,1,0.0,4.926108374384237,-4.926108374384237
hb02498,mot,2023/24,Ett data- och digitaliseringsutskott i riksdagen,1,223,0,0,0.0,0.0,0.0
h9023802,mot,2021/22,Kvinnors hälsa,5,1035,1,0,0.9652509652509653,0.0,0.9652509652509653
h9023996,mot,2021/22,Liberal politik för ett grönt och fritt EU,1,202,0,0,0.0,0.0,0.0
hc02987,mot,2024/25,Möjligheternas Stockholm,3,608,2,0,3.284072249589491,0.0,3.284072249589491
hc021395,mot,2024/25,Jordbruk – ökad konkurrenskraft utan förlust av biologisk mångfald,2,405,3,0,7.389162561576354,0.0,7.389162561576354
gi02a283,mot,1994/95,Arbetslivsfrågor m.m.,1,202,0,0,0.0,0.0,0.0
h8023138,mot,2020/21,Trygg och säker försörjning och användning av läkemedel – jämlik och god tillgång till nya mer avancerade läkemedelsbehandlingar,3,671,0,0,0.0,0.0,0.0
hc022020,mot,2024/25,Säkerställande av långsiktig finansiering av forskningsprogram av strategisk betydelse,6,1238,1,0,0.8071025020177562,0.0,0.8071025020177562
ha021643,mot,2022/23,En hållbar digitalisering,6,1217,0,2,0.0,1.6420361247947455,-1.6420361247947455
h9023666,mot,2021/22,Jämställdhet för en hållbar utveckling,3,608,0,2,0.0,3.284072249589491,-3.284072249589491
hc023167,mot,2024/25,En högre utbildning för en stärkt kompetensnation,1,223,0,0,0.0,0.0,0.0
hc023312,mot,2024/25,"med anledning av prop. 2024/25:60 Forskning och innovation för framtid, nyfikenhet och nytta",35,7264,2,2,0.2752924982794219,0.2752924982794219,0.0
hc023220,mot,2024/25,Budget för en rättvis omställning – Miljöpartiets budgetmotion för 2025,1,202,0,0,0.0,0.0,0.0
hc02805,mot,2024/25,Införande av fyra dagars arbetsvecka i Sverige,1,202,0,0,0.0,0.0,0.0
hd022723,mot,2025/26,En samhällsförberedande skola,17,3426,2,0,0.5836008170411439,0.0,0.5836008170411439
h8023422,mot,2020/21,Knäck arbetslösheten och bekämpa kriminaliteten – Moderaternas budgetmotion för 2021,1,223,0,0,0.0,0.0,0.0
hd023364,mot,2025/26,Förskola och skola för en hållbar framtid,14,2862,1,1,0.34928396786587496,0.34928396786587496,0.0
hd021774,mot,2025/26,Risker och möjligheter med artificiell intelligens (AI),7,1470,0,9,0.0,6.118286879673692,-6.118286879673692
h6022576,mot,2018/19,Stockholm - Sveriges tillväxtmotor,2,426,0,0,0.0,0.0,0.0
hd021382,mot,2025/26,Västmotion om energi- och näringspolitik,3,629,2,0,3.1746031746031744,0.0,3.1746031746031744
h8023431,mot,2020/21,En högre utbildning med högre ambitioner,1,223,0,0,0.0,0.0,0.0
hc023415,mot,2024/25,med anledning av prop. 2024/25:100 2025 års ekonomiska vårproposition,5,1035,0,0,0.0,0.0,0.0
h7022830,mot,2019/20,En utrikespolitik utifrån svenska intressen,5,1077,0,1,0.0,0.9276437847866419,-0.9276437847866419
h9023643,mot,2021/22,"Svensk materielförsörjning, forskning och försvarsindustri i teknologisk framkant",11,2253,1,0,0.4436557231588288,0.0,0.4436557231588288
ha02864,mot,2022/23,När barn blir brottsoffer,3,608,0,0,0.0,0.0,0.0
h7022829,mot,2019/20,Trygg och tillgänglig hälso- och sjukvård,1,223,0,0,0.0,0.0,0.0
hd023560,mot,2025/26,Utgiftsområde 25 Allmänna bidrag till kommuner,3,629,0,2,0.0,3.1746031746031744,-3.1746031746031744
h9024042,mot,2021/22,Så får vi ordning på Sverige – Hälso- och sjukvård,1,223,0,0,0.0,0.0,0.0
hb02758,mot,2023/24,För utbildning och forskning i framkant med AI,5,1056,0,0,0.0,0.0,0.0
h7022831,mot,2019/20,Rättvis och hållbar tillväxt,5,1056,0,0,0.0,0.0,0.0
h7022818,mot,2019/20,Utgiftsområde 5 Internationell samverkan,1,223,0,0,0.0,0.0,0.0
hb022686,mot,2023/24,"Utgiftsområde 17 Kultur, medier, trossamfund och fritid",2,405,0,0,0.0,0.0,0.0
hc023134,mot,2024/25,Utgiftsområde 21 Energi,1,202,0,0,0.0,0.0,0.0
hc021424,mot,2024/25,"En tillförlitlig, konkurrenskraftig och hållbar svensk AI-politik",110,22413,21,25,0.9369144284821986,1.115374319621665,-0.17845989113946636
h8023134,mot,2020/21,Riv hinder för digitalisering av hälso- och sjukvård,1,223,0,0,0.0,0.0,0.0
hc021599,mot,2024/25,AI i utbildningssystemet,10,2008,1,3,0.49776007964161273,1.4932802389248383,-0.9955201592832256
h802597,mot,2020/21,Samarbetet i Norden och Baltikum,3,671,2,0,2.976190476190476,0.0,2.976190476190476
hd023809,mot,2025/26,Ekonomisk globalisering i demokratins tjänst,2,405,0,0,0.0,0.0,0.0
hb022889,mot,2023/24,med anledning av skr. 2023/24:111 Strategi för företag i kulturella och kreativa branscher,18,3674,0,2,0.0,0.5442176870748299,-0.5442176870748299
h9024127,mot,2021/22,Utgiftsområde 13 Jämställdhet och nyanlända invandrares etablering,1,202,0,0,0.0,0.0,0.0
hd022217,mot,2025/26,Förhindrande av felaktiga utbetalningar inom assistansersättning,2,405,1,0,2.4630541871921183,0.0,2.4630541871921183
hd02634,mot,2025/26,Digital suveränitet och mer robust beredskap,3,650,1,0,1.5360983102918586,0.0,1.5360983102918586
ha021882,mot,2022/23,En starkare liberal demokrati,2,426,0,0,0.0,0.0,0.0
hc022962,mot,2024/25,Ny kraft för Sverige – Centerpartiets budgetmotion för 2025,1,202,0,0,0.0,0.0,0.0
hc022617,mot,2024/25,Främjande av kulturella och kreativa branscher,18,3674,0,2,0.0,0.5442176870748299,-0.5442176870748299
hc023436,mot,2024/25,med anledning av prop. 2024/25:166 En lag om public service och riktlinjer för verksamheten 2026–2033,3,608,0,1,0.0,1.6420361247947455,-1.6420361247947455
h8023069,mot,2020/21,Fler brottsbekämpande byråkrater,2,405,0,0,0.0,0.0,0.0
h6022480,mot,2018/19,Reformera lagen om arbetskraftsinvandring,1,202,0,0,0.0,0.0,0.0
hc021262,mot,2024/25,Åtgärder mot deepfakes och AI-driven desinformation,6,1202,2,2,1.6625103906899419,1.6625103906899419,0.0
h8022417,mot,2020/21,Västsverige är ett tillväxtområde,1,202,0,0,0.0,0.0,0.0
hd023185,mot,2025/26,Livskraft och framtidstro på Sveriges landsbygder,1,202,0,0,0.0,0.0,0.0
hb022669,mot,2023/24,Rättspolitik,16,3289,5,8,1.5197568389057752,2.4316109422492405,-0.9118541033434653
hc021815,mot,2024/25,Starkare skydd för svensk immaterialrätt,3,560,0,0,0.0,0.0,0.0
hd02804,mot,2025/26,Utveckling av gymnasieskolans ekonomiprogram mot ekonomisk redovisning,4,793,0,0,0.0,0.0,0.0
hc02106,mot,2024/25,"med anledning av prop. 2023/24:156 Ett levande hav – ökat skydd, minskad övergödning och ett hållbart fiske",1,202,0,0,0.0,0.0,0.0
hc022926,mot,2024/25,Minskad byråkrati,1,202,0,0,0.0,0.0,0.0
hb022673,mot,2023/24,Utgiftsområde 5 Internationell samverkan,1,201,0,0,0.0,0.0,0.0
hc022957,mot,2024/25,Konsumentpolitik,2,405,0,2,0.0,4.926108374384237,-4.926108374384237
hd023183,mot,2025/26,"Kultur, civilsamhälle och medier",2,405,0,0,0.0,0.0,0.0
hb02461,mot,2023/24,Cybersäkerhet,25,5116,8,4,1.5634160641000585,0.7817080320500293,0.7817080320500293
hb022638,mot,2023/24,Konsumentpolitik,4,811,0,1,0.0,1.2315270935960592,-1.2315270935960592
h7023060,mot,2019/20,Återupprätta samhällskontraktet – en budget för Sverige,1,223,0,0,0.0,0.0,0.0
hd023588,mot,2025/26,Utgiftsområde 10 Ekonomisk trygghet vid sjukdom och funktionsnedsättning,8,1686,1,3,0.5927682276229994,1.7783046828689981,-1.1855364552459986
hd023282,mot,2025/26,Ett grönt och konkurrenskraftigt näringsliv under omställning,2,426,0,0,0.0,0.0,0.0
hb021634,mot,2023/24,AI:s betydelse för framtidens arbetsmarknad och skola,6,1181,1,1,0.8460236886632826,0.8460236886632826,0.0
hb021543,mot,2023/24,Uppdatering av Sveriges AI-strategi,13,2554,0,0,0.0,0.0,0.0
h8023241,mot,2020/21,Kinas nya världsordning och det liberala svaret,11,2316,0,0,0.0,0.0,0.0
hd023431,mot,2025/26,Utred basinkomst i ljuset av AI,5,1009,0,1,0.0,0.9900990099009901,-0.9900990099009901
ha022170,mot,2022/23,För en stark grön näringslivsutveckling,2,426,0,0,0.0,0.0,0.0
hc022413,mot,2024/25,Begränsade möjligheter för kriminella att ta del av personuppgifter via söktjänster,1,202,0,1,0.0,4.926108374384237,-4.926108374384237
ha02181,mot,2022/23,Stärk demokratin och de mänskliga rättigheterna,11,2253,4,3,1.7746228926353151,1.3309671694764862,0.44365572315882895
h6022575,mot,2018/19,Stockholm - Sveriges tillväxtmotor,2,426,0,0,0.0,0.0,0.0
h7021424,mot,2019/20,Regionalpolitiken och Sveriges utveckling,1,223,0,0,0.0,0.0,0.0
h7022055,mot,2019/20,Liberal politik för ett starkare Europasamarbete,1,202,0,0,0.0,0.0,0.0
h9024014,mot,2021/22,Utgiftsområde 6 Försvar och samhällets krisberedskap,2,405,0,0,0.0,0.0,0.0
h9023776,mot,2021/22,En utrikespolitik utifrån svenska intressen,1,223,0,0,0.0,0.0,0.0
hc021382,mot,2024/25,Vattenförsörjning och vattenhantering,4,874,0,0,0.0,0.0,0.0
ha02501,mot,2022/23,Digitalisering inom hälsoområdet,1,202,0,0,0.0,0.0,0.0
hc022949,mot,2024/25,Migration och integration,2,405,0,0,0.0,0.0,0.0
hc021407,mot,2024/25,Civilt försvar,1,202,0,1,0.0,4.926108374384237,-4.926108374384237
hc02267,mot,2024/25,Stöd för regimbyte i Iran,1,202,0,0,0.0,0.0,0.0
h8022274,mot,2020/21,Reglerna för arbetskraftsinvandring,1,202,0,0,0.0,0.0,0.0
h9023971,mot,2021/22,Kinas nya världsordning och det liberala svaret,11,2316,0,1,0.0,0.43159257660768235,-0.43159257660768235
hd023590,mot,2025/26,Utgiftsområde 14 Arbetsmarknad och arbetsliv,11,2232,1,6,0.4478280340349306,2.6869682042095833,-2.2391401701746525
hb022509,mot,2023/24,Stoppande av deepfakeporr,3,629,0,0,0.0,0.0,0.0
hc021261,mot,2024/25,Nationell AI-infrastruktur för offentlig förvaltning,12,2422,4,1,1.650846058605035,0.41271151465125877,1.2381345439537763
h8021617,mot,2020/21,Sverigevänlig konsumentpolitik,6,1259,2,0,1.5873015873015872,0.0,1.5873015873015872
h6022784,mot,2018/19,Ett tryggt och hållbart energisystem,1,202,0,0,0.0,0.0,0.0
ha021740,mot,2022/23,"Insyn, algoritmer och AI",11,2252,1,9,0.44385264092321347,3.9946737683089215,-3.550821127385708
hd023556,mot,2025/26,Totalförsvarets beredskap,5,1077,1,0,0.9276437847866419,0.0,0.9276437847866419
hd02311,mot,2025/26,"En tillförlitlig, konkurrenskraftig och hållbar svensk AI-politik",118,23995,21,12,0.8751458576429405,0.5000833472245374,0.3750625104184031
hc022056,mot,2024/25,För ett tryggare Malmö och Sverige,1,202,0,0,0.0,0.0,0.0
h6023052,mot,2018/19,med anledning av skr. 2018/19:115 Verksamheten i Europeiska unionen under 2018,2,447,0,0,0.0,0.0,0.0
gp02ub482,mot,2001/02,Högskolan i Skövde,1,223,0,0,0.0,0.0,0.0
hc022140,mot,2024/25,Utgiftsområde 24 Näringsliv,1,202,0,0,0.0,0.0,0.0
h7022916,mot,2019/20,En ny uppdaterad nationell cancerstrategi,2,447,0,0,0.0,0.0,0.0
gq02u270,mot,2002/03,Colombia,1,202,0,0,0.0,0.0,0.0
hd023189,mot,2025/26,En högre utbildning för en stärkt kompetensnation,1,223,0,0,0.0,0.0,0.0
h8021530,mot,2020/21,Beivran av fusk med bidrag,1,223,1,0,4.464285714285714,0.0,4.464285714285714
hc02855,mot,2024/25,Motverka hatbrott på nätet,2,405,0,0,0.0,0.0,0.0
hb022450,mot,2023/24,En förstärkning av det civila försvaret och krisberedskapen,5,1014,0,5,0.0,4.926108374384237,-4.926108374384237
h8023637,mot,2020/21,Hälso- och sjukvård,4,811,0,0,0.0,0.0,0.0
h6022378,mot,2018/19,Utgiftsområde 24 Näringsliv,1,223,0,0,0.0,0.0,0.0
ha022093,mot,2022/23,Utgiftsområde 5 Internationell samverkan,1,201,0,0,0.0,0.0,0.0
ha022082,mot,2022/23,Högre utbildning och forskning,1,202,0,0,0.0,0.0,0.0
h7022881,mot,2019/20,Reglerna för arbetskraftsinvandring,1,202,0,0,0.0,0.0,0.0
hd021310,mot,2025/26,EU-standard för frivillig ”verified human”-märkning på digitala plattformar,1,223,0,0,0.0,0.0,0.0
hd023137,mot,2025/26,"En AI-strategi som förenar rättssäkerhet, etik och innovation",11,2240,1,4,0.44622936189201245,1.7849174475680498,-1.3386880856760373
hd022373,mot,2025/26,Ett stärkt cancerpreventivt arbete,6,1238,0,3,0.0,2.4213075060532687,-2.4213075060532687
hc02339,mot,2024/25,Tillgänglig public service,1,202,0,0,0.0,0.0,0.0
h8022808,mot,2020/21,"Utgiftsområde 23 Areella näringar, landsbygd och livsmedel",7,1441,0,0,0.0,0.0,0.0
ha021122,mot,2022/23,Regelförenkling för bättre styrning och service och ökat företagande,1,202,0,0,0.0,0.0,0.0
hc023038,mot,2024/25,Stärkt beredskap och ett robustare samhälle,11,2316,6,3,2.589555459646094,1.294777729823047,1.294777729823047
h6022736,mot,2018/19,"Utgiftsområde 23 Areella näringar, landsbygd och livsmedel",7,1441,0,0,0.0,0.0,0.0
hd023553,mot,2025/26,Skattepolitik,1,202,0,0,0.0,0.0,0.0
h702203,mot,2019/20,För ett tryggare Malmö och Sverige,1,202,0,0,0.0,0.0,0.0
hb022687,mot,2023/24,Utgiftsområde 16 Utbildning och universitetsforskning,10,2071,3,9,1.4478764478764479,4.343629343629344,-2.8957528957528957
hd023345,mot,2025/26,Artificiell intelligens inom sjukvården,8,1649,0,1,0.0,0.6060606060606061,-0.6060606060606061
hc022613,mot,2024/25,En grön klimathandlingsplan för Sverige 2025,2,426,0,0,0.0,0.0,0.0
h9023753,mot,2021/22,Ett digitalt ledarskap för Sverige,36,7307,3,2,0.41050903119868637,0.27367268746579093,0.13683634373289544
h7022081,mot,2019/20,Gör Göteborg och Västra Götaland till en nationell testbädd för AI,6,1148,0,0,0.0,0.0,0.0
h7022718,mot,2019/20,Sverige ska vara ett digitalt föregångsland,28,5767,0,4,0.0,0.6934812760055479,-0.6934812760055479
hd023320,mot,2025/26,För en säker och hållbar AI,29,5896,24,12,4.069866033576394,2.034933016788197,2.034933016788197
hc022635,mot,2024/25,Näringspolitik för grön omställning och stärkt konkurrenskraft,2,426,0,0,0.0,0.0,0.0
h8023243,mot,2020/21,Liberal digitaliseringspolitik för Sverige,21,4346,1,0,0.23004370830457788,0.0,0.23004370830457788
ge02ub671,mot,1990/91,Högskolan i Skövde,2,426,0,0,0.0,0.0,0.0
hc023127,mot,2024/25,"Digitaliseringspolitik för klimat, trygghet och tillväxt",77,15811,11,9,0.6956741715153049,0.5691879585125221,0.12648621300278273
hc023313,mot,2024/25,"med anledning av prop. 2024/25:60 Forskning och innovation för framtid, nyfikenhet och nytta",16,3268,1,0,0.3059039461609055,0.0,0.3059039461609055
hb022623,mot,2023/24,Utgiftsområde 10 Ekonomisk trygghet vid sjukdom och funktionsnedsättning,8,1686,1,7,0.5927682276229994,4.149377593360996,-3.5566093657379967
hb022626,mot,2023/24,"Digitaliseringspolitik för klimat, trygghet och tillväxt",38,7797,0,7,0.0,0.8976660682226212,-0.8976660682226212
hb02503,mot,2023/24,Möjligheternas Stockholm,3,608,2,0,3.284072249589491,0.0,3.284072249589491
hd023649,mot,2025/26,Konsumentpolitik,6,1217,0,1,0.0,0.8210180623973727,-0.8210180623973727
hd0258,mot,2025/26,Förenklade regelverk för försvarsindustrin,2,405,0,0,0.0,0.0,0.0
hd023810,mot,2025/26,Utgiftsområde 16 Utbildning och universitetsforskning,26,5382,3,12,0.5573100501579045,2.229240200631618,-1.6719301504737134
h9021889,mot,2021/22,Etablera och underlätta för pilotområde för moderna transportlösningar,1,202,0,0,0.0,0.0,0.0
hc021774,mot,2024/25,Stärkt kulturpolitik – stärkt demokrati,11,2253,1,0,0.4436557231588288,0.0,0.4436557231588288
hb022820,mot,2023/24,med anledning av skr. 2023/24:67 Motståndskraft och handlingskraft – en nationell strategi mot organiserad brottslighet,9,1826,1,6,0.5473453749315819,3.284072249589491,-2.736726874657909
hc023193,mot,2024/25,Utgiftsområde 1 Rikets styrelse,3,629,0,0,0.0,0.0,0.0
h9024074,mot,2021/22,Brottsbekämpande byråkrater,2,405,0,0,0.0,0.0,0.0
h9024221,mot,2021/22,Hela Sverige ska fungera – Kristdemokraternas budgetmotion för 2022,4,811,0,0,0.0,0.0,0.0
hb02893,mot,2023/24,Näringslivspolitik för grön omställning och stärkt konkurrenskraft,2,426,0,0,0.0,0.0,0.0
h9022328,mot,2021/22,Stockholm som motor för innovation och utveckling,3,608,2,0,3.284072249589491,0.0,3.284072249589491
h9022430,mot,2021/22,Immaterialrättsliga frågor i ett digitalt samhälle,1,223,0,0,0.0,0.0,0.0
hb022630,mot,2023/24,Immateriella rättigheter,3,608,0,1,0.0,1.6420361247947455,-1.6420361247947455
hb022885,mot,2023/24,med anledning av skr. 2023/24:111 Strategi för företag i kulturella och kreativa branscher,9,1847,4,0,2.1645021645021645,0.0,2.1645021645021645
h8022921,mot,2020/21,En hållbar digitalisering,6,1217,0,2,0.0,1.6420361247947455,-1.6420361247947455
hc023023,mot,2024/25,Försvar och samhällets krisberedskap,7,1483,0,0,0.0,0.0,0.0
hc021923,mot,2024/25,En bättre hälso- och sjukvård,19,3877,0,1,0.0,0.25786487880350695,-0.25786487880350695
h8023237,mot,2020/21,Forskning och innovation i Sverige,13,2722,2,1,0.7344840249724568,0.3672420124862284,0.3672420124862284
hd022832,mot,2025/26,Digitalisering för hela Sverige,35,7188,1,2,0.13910140492418974,0.2782028098483795,-0.13910140492418974
hd021313,mot,2025/26,Centrum för undersökande journalistik,1,202,0,0,0.0,0.0,0.0
h8023285,mot,2020/21,Integration,2,405,0,0,0.0,0.0,0.0
hb021522,mot,2023/24,Säkra upphovsrätten i ljuset av AI,18,3667,0,2,0.0,0.5452562704471101,-0.5452562704471101
gd02n346,mot,1989/90,En liberal näringspolitik,1,202,1,0,4.926108374384237,0.0,4.926108374384237
h9023879,mot,2021/22,Utgiftsområde 22 Kommunikationer,1,202,0,0,0.0,0.0,0.0
h6022881,mot,2018/19,En ny uppdaterad nationell cancerstrategi,2,426,0,0,0.0,0.0,0.0
h802667,mot,2020/21,Immaterialrättsliga frågor i ett digitalt samhälle,1,223,0,0,0.0,0.0,0.0
ha021003,mot,2022/23,Sverigevänlig konsumentpolitik,6,1259,3,0,2.3809523809523814,0.0,2.3809523809523814
hb02497,mot,2023/24,"En tillförlitlig, konkurrenskraftig och hållbar svensk AI-politik",109,22252,20,24,0.8987552240147396,1.0785062688176874,-0.1797510448029478
hc02942,mot,2024/25,Artificiell intelligens,12,2464,1,0,0.4056795131845842,0.0,0.4056795131845842
hd021436,mot,2025/26,Ett data- och digitaliseringsutskott i riksdagen,4,832,0,0,0.0,0.0,0.0
hc022343,mot,2024/25,Kompetensförsörjningsinsatser i norra Sverige,1,202,0,0,0.0,0.0,0.0
hb022705,mot,2023/24,Ett rikare liv för äldre,3,608,0,0,0.0,0.0,0.0
h7023323,mot,2019/20,"Utgiftsområde 9 Hälsovård, sjukvård och social omsorg",1,223,0,0,0.0,0.0,0.0
ha022275,mot,2022/23,Vi bygger det nya gröna folkhemmet – Miljöpartiets budgetmotion för 2023,2,447,0,0,0.0,0.0,0.0
hc022292,mot,2024/25,Högre utbildning och forskning,1,202,0,0,0.0,0.0,0.0
h8022668,mot,2020/21,Stockholm som motor för innovation och utveckling,3,608,2,0,3.284072249589491,0.0,3.284072249589491
hd02205,mot,2025/26,Husläkare och artificiell intelligens,3,621,0,0,0.0,0.0,0.0
hd02846,mot,2025/26,AI:s betydelse för framtidens arbetsmarknad och skola,6,1180,1,1,0.8467400508044031,0.8467400508044031,0.0
ge02fi610,mot,1990/91,Enskilt ägande och sparande,4,811,1,1,1.2315270935960592,1.2315270935960592,0.0
h6021529,mot,2018/19,It och digitalisering för att utveckla vård och omsorg,1,223,0,0,0.0,0.0,0.0
h7022088,mot,2019/20,Screeninglag vid företagsuppköp,1,202,0,0,0.0,0.0,0.0
hd023179,mot,2025/26,En tillgänglig vård och omsorg i hela landet,1,202,0,0,0.0,0.0,0.0
hd021813,mot,2025/26,En AI-utveckling till gagn för arbetstagarna,13,2641,5,0,1.8925056775170326,0.0,1.8925056775170326
hd023775,mot,2025/26,Kultur och bildning,16,3268,1,2,0.3059039461609055,0.611807892321811,-0.3059039461609055
hd02286,mot,2025/26,Inrättande av ett särskilt AI-utskott,23,4691,9,4,1.9181585677749362,0.8525149190110827,1.0656436487638534
h9023218,mot,2021/22,När barn blir brottsoffer,3,608,0,0,0.0,0.0,0.0
h9022392,mot,2021/22,Exponentiella teknologier,1,223,0,0,0.0,0.0,0.0
h8023286,mot,2020/21,Utbildning,1,202,0,0,0.0,0.0,0.0
h8023259,mot,2020/21,Välfärdsaktörer ska inte diskriminera för ålder – liberal politik för årsrika,5,1014,0,0,0.0,0.0,0.0
h8022708,mot,2020/21,Kraftsamling för AI,61,12403,12,8,0.9674298613350532,0.6449532408900355,0.3224766204450177
hc023247,mot,2024/25,med anledning av prop. 2024/25:34 Totalförsvaret 2025–2030,2,405,0,0,0.0,0.0,0.0
hc023074,mot,2024/25,Konsumentpolitik,5,1014,0,1,0.0,0.9852216748768472,-0.9852216748768472
hc021932,mot,2024/25,Språk och litteratur,2,405,1,0,2.4630541871921183,0.0,2.4630541871921183
hc02768,mot,2024/25,AI och demokratins grunder,13,2584,0,5,0.0,1.9342359767891684,-1.9342359767891684
hb021846,mot,2023/24,En grön och rättvis omställning i Västsverige,13,2659,1,1,0.3759398496240602,0.3759398496240602,0.0
h6022816,mot,2018/19,Ett starkt försvar för att säkra Sverige,1,223,0,0,0.0,0.0,0.0
hd02128,mot,2025/26,Inrättande av en chief technology officer för Sverige,3,629,1,0,1.5873015873015872,0.0,1.5873015873015872
hd022301,mot,2025/26,Stärkt upphovsrätt,2,405,0,0,0.0,0.0,0.0
go02ju237,mot,2000/01,Samordning av polisens resurser,1,223,0,0,0.0,0.0,0.0
hb02425,mot,2023/24,En tillväxtorienterad politik för industrilandet Sverige,1,223,0,0,0.0,0.0,0.0
h9023222,mot,2021/22,Utbildning för livslångt lärande,1,202,0,0,0.0,0.0,0.0
hc023110,mot,2024/25,"Utgiftsområde 17 Kultur, medier, trossamfund och fritid",5,1014,0,2,0.0,1.9704433497536944,-1.9704433497536944
h8022918,mot,2020/21,Cirkulär ekonomi och kemikalier,1,223,0,0,0.0,0.0,0.0
hb021568,mot,2023/24,Innovationsstrategi med immaterialrättsfokus,7,1441,6,0,4.160887656033287,0.0,4.160887656033287
hd023407,mot,2025/26,"Exportkontroll, försvarsindustrins förutsättningar och reglering av autonoma vapen",9,1931,6,1,3.105590062111801,0.5175983436853002,2.5879917184265007
hc02192,mot,2024/25,med anledning av skr. 2023/24:163 Nationell säkerhetsstrategi,4,832,0,0,0.0,0.0,0.0
hc022289,mot,2024/25,AI och rättssäkerheten,32,6459,11,1,1.7027863777089784,0.15479876160990713,1.5479876160990713
hc021353,mot,2024/25,Inkomstbeskattning,1,223,0,0,0.0,0.0,0.0
h9023883,mot,2021/22,Utgiftsområde 5 Internationell samverkan,2,426,0,1,0.0,2.34192037470726,-2.34192037470726
hd023652,mot,2025/26,En digital politik som bygger jämlikhet och tillväxt,84,17308,24,16,1.3865619042116817,0.9243746028077879,0.46218730140389375
hc021366,mot,2024/25,Socialtjänsten,2,426,0,0,0.0,0.0,0.0
ha022182,mot,2022/23,Utgiftsområde 24 Näringsliv,1,202,0,0,0.0,0.0,0.0
hd022370,mot,2025/26,"Fungerande postservice, bredband och telefoni i hela landet",19,3856,0,5,0.0,1.2963443090484832,-1.2963443090484832
h8023282,mot,2020/21,Liberal politik för ett starkare Europasamarbete,1,202,0,0,0.0,0.0,0.0
h9023656,mot,2021/22,För ett tryggare Malmö och Sverige,1,202,0,0,0.0,0.0,0.0
h8022497,mot,2020/21,Förstärk den straffrättsliga regleringen av de sociala nätverksplattformarna,1,202,0,0,0.0,0.0,0.0
hd022819,mot,2025/26,Vissa kulturpolitiska frågor,2,405,1,1,2.4630541871921183,2.4630541871921183,0.0
hd023698,mot,2025/26,Legalt ramverk mot drönarhot,1,202,0,0,0.0,0.0,0.0
hd023622,mot,2025/26,Utgiftsområde 7 Internationellt bistånd,1,202,0,0,0.0,0.0,0.0
hb02214,mot,2023/24,Utredning om basinkomst i ljuset av AI,5,1014,0,1,0.0,0.9852216748768472,-0.9852216748768472
hc022021,mot,2024/25,Tillgängliggörande av textmaterial i Kungliga biblioteket,14,2841,2,0,0.7037297677691766,0.0,0.7037297677691766
gg03146,prop,1992/93,"om godkännande av avtal mellan EFTA-stater och Polen, m.m.",1,202,0,0,0.0,0.0,0.0
hc03193,prop,2024/25,"Försvarsindustristrategi för ett starkare Sverige – innovation, produktion och samarbete",2,447,0,0,0.0,0.0,0.0
h90358,prop,2021/22,"Stärkt äganderätt, flexibla skyddsformer och ökade incitament för naturvården i skogen med frivillighet som grund",4,874,0,0,0.0,0.0,0.0
hc03183,prop,2024/25,Intelligenta transportsystem – genomförande av ändringsdirektiv,3,671,1,0,1.488095238095238,0.0,1.488095238095238
hc031d24,prop,2024/25,"Budgetpropositionen för 2025 - Utgiftsområde 23 Areella näringar, landsbygd och livsmedel",1,223,0,0,0.0,0.0,0.0
gd03110,prop,1989/90,om  reformerad inkomst- och företagsbeskattning,1,202,0,0,0.0,0.0,0.0
gf03113,prop,1991/92,om börslagstiftning m.m.,13,2638,0,0,0.0,0.0,0.0
gg03221,prop,1992/93,om godkännande av frihandelsavtal m.m. mellan EFTA-staterna och Ungern,1,202,0,0,0.0,0.0,0.0
hc03130d2,prop,2024/25,Redovisning av AP-fondernas verksamhet t.o.m. 2024 - del 2,21,4262,2,4,0.4691531785127844,0.9383063570255687,-0.4691531785127844
hb0397,prop,2023/24,Nationell strategi och regeringens handlingsplan för klimatanpassning,1,223,0,0,0.0,0.0,0.0
gd03137,prop,1989/90,1989/90:137,11,2232,0,0,0.0,0.0,0.0
ha0390,prop,2022/23,Nordiskt samarbete 2022,1,223,0,0,0.0,0.0,0.0
hd031d24,prop,2025/26,Budgetpropositionen för 2026 - Utgiftsområde 22 Kommunikationer,85,17317,0,3,0.0,0.17323016514609077,-0.17323016514609077
hb0367,prop,2023/24,Motståndskraft och handlingskraft – en nationell strategi mot organiserad brottslighet,3,650,0,0,0.0,0.0,0.0
gy03100d6,prop,2010/11,2011 års ekonomiska vårproposition,4,811,0,0,0.0,0.0,0.0
gl03163,prop,1997/98,Redovisning av Allmänna pensionsfondens verksamhet år 1997,2,405,0,0,0.0,0.0,0.0
ha031d24,prop,2022/23,"Budgetpropositionen för 2023 - Utgiftsområde 23 Areella näringar, landsbygd och livsmedel",1,223,0,0,0.0,0.0,0.0
hb031d21,prop,2023/24,"Budgetpropositionen för 2024 - Utgiftsområde 20 Klimat, miljö och natur",1,223,0,0,0.0,0.0,0.0
hc03149,prop,2024/25,Riksrevisionens rapport om tillsynen över medicintekniska produkter,4,811,1,1,1.2315270935960592,1.2315270935960592,0.0
hd0359,prop,2025/26,Tillgänglighetskrav för vissa medier,1,202,0,0,0.0,0.0,0.0
h003155,prop,2012/13,Förvaltare av alternativa investeringsfonder,2,405,0,0,0.0,0.0,0.0
hc031d2,prop,2024/25,Budgetpropositionen för 2025 - Utgiftsområde 1 Rikets styrelse,2,405,1,0,2.4630541871921183,0.0,2.4630541871921183
h603130,prop,2018/19,Redovisning av AP-fondernas verksamhet t.o.m. 2018,1,202,0,0,0.0,0.0,0.0
hb03142,prop,2023/24,EU:s nya utsläppshandelssystem för fossila bränslen,2,405,0,0,0.0,0.0,0.0
gi0319,prop,1994/95,Sveriges medlemskap i Europeiska unionen,1,202,0,0,0.0,0.0,0.0
hb0394,prop,2023/24,Verksamhet inom Europarådets ministerkommitté under andra halvåret 2022 och helåret 2023,13,2848,4,1,1.404001404001404,0.351000351000351,1.053001053001053
hd0330,prop,2025/26,Verksamhet inom Europarådets ministerkommitté under helåret 2024 och första halvåret 2025,23,4920,3,2,0.6096321885795569,0.406421459053038,0.20321072952651892
hb037,prop,2023/24,Riksrevisionens rapport om digitala tjänster till privatpersoner,2,447,0,1,0.0,2.232142857142857,-2.232142857142857
ha03114,prop,2022/23,Strategisk exportkontroll 2022 – krigsmateriel och produkter med dubbla användningsområden,3,671,0,0,0.0,0.0,0.0
hb0375,prop,2023/24,Riksdagens skrivelser till regeringen – åtgärder under 2023,1,223,0,0,0.0,0.0,0.0
hd031d3,prop,2025/26,Budgetpropositionen för 2026 - Utgiftsområde 1 Rikets styrelse,9,1826,2,0,1.0946907498631637,0.0,1.0946907498631637
ge0377,prop,1990/91,1990/91:77,3,608,0,1,0.0,1.6420361247947455,-1.6420361247947455
ha03131,prop,2022/23,Välfärdsteknik inom äldreomsorgen,1,202,0,0,0.0,0.0,0.0
h9031d18,prop,2021/22,Budgetpropositionen för 2022 - Utgiftsområde 16 Utbildning och universitetsforskning,6,1272,0,2,0.0,1.5710919088766695,-1.5710919088766695
hd0394,prop,2025/26,Kompletterande bestämmelser till EU:s förordning om hållbarhetsbetyg,4,832,0,1,0.0,1.2004801920768307,-1.2004801920768307
h403197,prop,2016/17,Anpassningar till EU:s nya förordningar om medicinteknik - del 1,2,405,0,0,0.0,0.0,0.0
hc0396,prop,2024/25,Ny strategi för levande och trygga städer,2,426,1,0,2.34192037470726,0.0,2.34192037470726
gd0376,prop,1989/90,om regionalpolitik för 90-talet,1,202,0,0,0.0,0.0,0.0
go03119,prop,2000/01,Europa i omvandling - Sveriges utvecklings- samarbete med Central- och Östeuropa,1,202,0,0,0.0,0.0,0.0
hb031d7,prop,2023/24,Budgetpropositionen för 2024 - Utgiftsområde 6 Försvar och samhällets krisberedskap,2,426,0,0,0.0,0.0,0.0
h503140,prop,2017/18,2018 års redogörelse för företag med statligt ägande,2,447,0,0,0.0,0.0,0.0
h70382,prop,2019/20,Riksrevisionens rapport om föråldrade it-system i statsförvaltningen,1,223,0,0,0.0,0.0,0.0
h803106,prop,2020/21,Verksamheten inom Europarådets ministerkommitté under andra halvåret 2019 och helåret 2020,13,2911,0,3,0.0,1.0302197802197803,-1.0302197802197803
ha03144,prop,2022/23,Nya verksamheter i utsläppshandelssystemet,2,405,0,0,0.0,0.0,0.0
hc03166,prop,2024/25,En lag om public service och riktlinjer för verksamheten 2026–2033,7,1462,0,0,0.0,0.0,0.0
h903115,prop,2021/22,Verksamheten i Europeiska unionen under 2021,7,1504,3,0,1.9933554817275745,0.0,1.9933554817275745
h70334,prop,2019/20,Verksamheten inom Europarådets ministerkommitté m.m. under helåret 2018 och första halvåret 2019,7,1504,0,4,0.0,2.6578073089700998,-2.6578073089700998
h503193,prop,2017/18,Kompletterande bestämmelser om etisk granskning till EU-förordningen om kliniska läkemedelsprövningar,1,202,0,0,0.0,0.0,0.0
h40350,prop,2016/17,Kunskap i samverkan - för samhällets utmaningar och stärkt konkurrenskraft,3,663,0,0,0.0,0.0,0.0
gv0322,prop,2007/08,Ett förstärkt jobbskatteavdrag,14,2841,0,0,0.0,0.0,0.0
h70365,prop,2019/20,En samlad politik för klimatet - klimatpolitisk handlingsplan,2,439,0,0,0.0,0.0,0.0
h803114,prop,2020/21,Strategisk exportkontroll 2020 - krigsmateriel och produkter med dubbla användningsområden,4,874,0,0,0.0,0.0,0.0
gm0362,prop,1998/99,Vissa byggfrågor m.m.,1,202,0,0,0.0,0.0,0.0
gi0319d3,prop,1994/95,Proposition 1994/95:19,1,202,0,0,0.0,0.0,0.0
h50347,prop,2017/18,Hur Sverige blir bäst i världen på att använda digitaliseringens möjligheter - en skrivelse om politikens inriktning,6,1335,1,0,0.7485029940119761,0.0,0.7485029940119761
gf03147,prop,1991/92,"om godkännande av frihandelsavtal mellan Sverige och Estland, m.m.",2,405,0,0,0.0,0.0,0.0
hb03100,prop,2023/24,2024 års ekonomiska vårproposition,1,202,0,0,0.0,0.0,0.0
hc03108,prop,2024/25,Lagändringar till följd av ändringar i EU:s formskyddsförordning,1,223,0,0,0.0,0.0,0.0
gg03165,prop,1992/93,"om godkännande av avtal mellan EFTA-staterna och Rumänien, m.m.",2,405,0,0,0.0,0.0,0.0
hc03100,prop,2024/25,2025 års ekonomiska vårproposition,1,202,0,0,0.0,0.0,0.0
h203115,prop,2014/15,Några värdepappersmarknadsfrågor,1,202,0,0,0.0,0.0,0.0
gk03103,prop,1996/97,Skrivelse 1996/97:103,1,202,0,0,0.0,0.0,0.0
h60324,prop,2018/19,Riksrevisionens rapport om staten som inköpare av konsulttjänster,1,223,0,0,0.0,0.0,0.0
gi03118,prop,1994/95,Lagstiftning med anledning av Sveriges anslutning till Europeiska atomenergigemenskapen,1,202,1,0,4.926108374384237,0.0,4.926108374384237
h80392,prop,2020/21,En god arbetsmiljö för framtiden - regeringens arbetsmiljöstrategi 2021-2025,1,223,0,0,0.0,0.0,0.0
hc03196,prop,2024/25,Riksrevisionens rapport om lärosätenas arbete mot avhopp på bristyrkesutbildningar,1,202,0,0,0.0,0.0,0.0
hb03115,prop,2023/24,Verksamheten i Europeiska unionen under 2023,6,1322,0,0,0.0,0.0,0.0
hd0328,prop,2025/26,Ett starkt skydd för nätverks- och informationssystem – en ny cybersäkerhetslag,4,887,1,0,1.1261261261261262,0.0,1.1261261261261262
hb0356,prop,2023/24,"Nationell strategi mot våldsbejakande extremism och terrorism – förebygga, förhindra, skydda och hantera",10,2071,6,7,2.8957528957528957,3.3783783783783785,-0.48262548262548277
hc03103,prop,2024/25,Kommittéberättelse – kommittéernas verksamhet under 2024,12,2456,0,0,0.0,0.0,0.0
h9031d25,prop,2021/22,"Budgetpropositionen för 2022 - Utgiftsområde 23 Areella näringar, landsbygd och livsmedel",1,223,0,0,0.0,0.0,0.0
hc03130,prop,2024/25,Redovisning av AP-fondernas verksamhet t.o.m. 2024,2,405,0,0,0.0,0.0,0.0
go031,prop,2000/01,Proposition 2000/01:1,1,202,1,0,4.926108374384237,0.0,4.926108374384237
ge03164,prop,1990/91,1990/91:164,9,1826,0,0,0.0,0.0,0.0
gf0323,prop,1991/92,"om godkännande av avtal rörande handeln mellan EFTA-länderna och Turkiet, m.m.",8,1623,0,0,0.0,0.0,0.0
hb031d10,prop,2023/24,"Budgetpropositionen för 2024 - Utgiftsområde 9 Hälsovård, sjukvård och social omsorg",2,447,0,0,0.0,0.0,0.0
h903125,prop,2021/22,Val och beslut i kommuner och regioner,4,895,2,0,2.232142857142857,0.0,2.232142857142857
hc0399,prop,2024/25,Vårändringsbudget för 2025,12,2435,1,0,0.41050903119868637,0.0,0.41050903119868637
hd0333,prop,2025/26,Riksrevisionens rapport om statliga strategiska digitaliseringsprojekt,7,1483,0,0,0.0,0.0,0.0
ha0375,prop,2022/23,Riksdagens skrivelser till regeringen – åtgärder under 2022,6,1259,0,0,0.0,0.0,0.0
h603114,prop,2018/19,Strategisk exportkontroll 2018 - krigsmateriel och produkter med dubbla användningsområden,3,650,0,0,0.0,0.0,0.0
gn0341,prop,1999/2000,Marktjänster på flygplatser,1,202,0,0,0.0,0.0,0.0
hc03106,prop,2024/25,Sveriges tillträde till konventionen om upprättande av Square Kilometre Array Observatory,2,439,0,0,0.0,0.0,0.0
gl031d2,prop,1997/98,Budgetpropositionen för 1998,1,202,0,0,0.0,0.0,0.0
go03131,prop,2000/01,Redovisning av AP-fondernas verksamhet år 2000,3,608,0,0,0.0,0.0,0.0
h80330,prop,2020/21,Totalförsvaret 2021–2025,1,223,2,0,8.928571428571429,0.0,8.928571428571429
h503204,prop,2017/18,Fler vägar till kunskap - en högskola för livslångt lärande,1,223,0,0,0.0,0.0,0.0
hd031d5,prop,2025/26,"Budgetpropositionen för 2026 - Utgiftsområde 3 Skatt, tull och exekution",5,1014,1,0,0.9852216748768472,0.0,0.9852216748768472
h903103,prop,2021/22,Kommittéberättelse – kommittéernas verksamhet under 2021,4,874,0,0,0.0,0.0,0.0
h803133,prop,2020/21,Nationell strategi för hållbar regional utveckling i hela landet 2021-2030,6,1259,0,4,0.0,3.1746031746031744,-3.1746031746031744
hd0346,prop,2025/26,Elektronisk inlämning av bouppteckningar,2,405,0,0,0.0,0.0,0.0
gp03128,prop,2001/02,Vissa inomhusmiljöfrågor,1,202,0,0,0.0,0.0,0.0
hc03114,prop,2024/25,Strategisk exportkontroll 2024 – krigsmateriel och produkter med dubbla användningsområden,3,650,0,0,0.0,0.0,0.0
hc03197,prop,2024/25,Kompletterande bestämmelser till EU:s mediefrihetsförordning,1,223,1,0,4.464285714285714,0.0,4.464285714285714
h503196,prop,2017/18,Anpassningar av svensk rätt till EU-förordningen om kliniska läkemedelsprövningar,1,202,0,0,0.0,0.0,0.0
h703130,prop,2019/20,Redovisning av AP-fondernas verksamhet t.o.m. 2019,1,202,0,0,0.0,0.0,0.0
gl03185,prop,1997/98,Proposition 1997/98:185,1,202,0,0,0.0,0.0,0.0
hd031d21,prop,2025/26,Budgetpropositionen för 2026 - Utgiftsområde 19 Regional utveckling,1,223,0,0,0.0,0.0,0.0
hc03115,prop,2024/25,Verksamheten i Europeiska unionen under 2024,10,2176,0,0,0.0,0.0,0.0
ha03130,prop,2022/23,Redovisning av AP-fondernas verksamhet t.o.m. 2022,1,202,0,0,0.0,0.0,0.0
h803172,prop,2020/21,Anpassningar till EU:s nya förordningar om medicinteknik - del 2,2,405,0,0,0.0,0.0,0.0
gf03170d2,prop,1991/92,Proposition 1991/92:170,1,202,0,0,0.0,0.0,0.0
gk03152,prop,1996/97,Redovisning av Allmänna pensionsfondens verksamhet år 1996,1,202,0,0,0.0,0.0,0.0
h70315,prop,2019/20,Skydd av Sveriges säkerhet vid radioanvändning,1,223,0,0,0.0,0.0,0.0
hc031d7,prop,2024/25,Budgetpropositionen för 2025 - Utgiftsområde 6 Försvar och samhällets krisberedskap,2,405,0,1,0.0,2.4630541871921183,-2.4630541871921183
h70375,prop,2019/20,Riksdagens skrivelser till regeringen - åtgärder under 2019,1,223,0,0,0.0,0.0,0.0
hb03130,prop,2023/24,Redovisning av AP-fondernas verksamhet t.o.m. 2023,6,1251,0,0,0.0,0.0,0.0
hc0334,prop,2024/25,Totalförsvaret 2025–2030,11,2295,0,1,0.0,0.4355400696864111,-0.4355400696864111
h90375,prop,2021/22,Riksdagens skrivelser till regeringen – åtgärder under 2021,4,853,0,0,0.0,0.0,0.0
gg03100d3,prop,1992/93,Proposition 1992/93:100,1,202,0,0,0.0,0.0,0.0
gk038,prop,1996/97,Utökad användning av strafföreläggande,1,202,0,0,0.0,0.0,0.0
hd031d19,prop,2025/26,"Budgetpropositionen för 2026 - Utgiftsområde 17 Kultur, medier, trossamfund och fritid",10,2029,1,1,0.4926108374384236,0.4926108374384236,0.0
h9031d26,prop,2021/22,Budgetpropositionen för 2022 - Utgiftsområde 24 Näringsliv,1,202,0,0,0.0,0.0,0.0
hb031d24,prop,2023/24,"Budgetpropositionen för 2024 - Utgiftsområde 23 Areella näringar, landsbygd och livsmedel",1,223,0,0,0.0,0.0,0.0
gv0375,prop,2007/08,Redogörelse för behandlingen av riksdagens skrivelser till regeringen,1,202,0,0,0.0,0.0,0.0
hc03112,prop,2024/25,Verksamheten inom Nato under helåret 2024,2,405,0,0,0.0,0.0,0.0
ha031d21,prop,2022/23,Budgetpropositionen för 2023 - Utgiftsområde 20 Allmän miljö- och naturvård,3,650,0,0,0.0,0.0,0.0
hb0334,prop,2023/24,Redogörelse för det svenska ordförandeskapet i Europeiska unionens råd första halvåret 2023,3,650,0,0,0.0,0.0,0.0
h703114,prop,2019/20,Strategisk exportkontroll 2019 - krigsmateriel och produkter med dubbla användningsområden,5,1077,0,0,0.0,0.0,0.0
hb0335,prop,2023/24,Verksamheten inom Organisationen för säkerhet och samarbete i Europa (OSSE) under helåret 2022 och första halvåret 2023,1,223,1,0,4.464285714285714,0.0,4.464285714285714
hb0373,prop,2023/24,Kompletterande bestämmelser till EU:s dataförvaltningsförordning,5,1111,1,0,0.8992805755395684,0.0,0.8992805755395684
gg0318,prop,1992/93,med en redovisning av allmänna pensionsfondens verksamhet år 1991,8,1623,0,0,0.0,0.0,0.0
hd034,prop,2025/26,Kompletterande bestämmelser till EU:s förordning om politisk reklam,3,671,0,0,0.0,0.0,0.0
gg0322,prop,1992/93,om godkännande av avtal mellan EFTA-staterna och Israel m.m.,5,1014,0,0,0.0,0.0,0.0
hc031d19,prop,2024/25,"Budgetpropositionen för 2025 - Utgiftsområde 18 Samhällsplanering, bostadsförsörjning och byggande samt konsumentpolitik",1,223,0,0,0.0,0.0,0.0
h80313,prop,2020/21,Åtgärder till skydd för Sveriges säkerhet vid överlåtelser av säkerhetskänslig verksamhet,1,223,0,0,0.0,0.0,0.0
h70342,prop,2019/20,Riksrevisionens granskning av statliga insatser för att underlätta nyföretagande genom digitalisering,3,640,0,0,0.0,0.0,0.0
h903114,prop,2021/22,Strategisk exportkontroll 2021 – krigsmateriel och produkter med dubbla användningsområden,5,1098,0,0,0.0,0.0,0.0
gf03143,prop,1991/92,om godkännande av avtal mellan EFTA-staterna och Tjeckiska och slovakiska federativa republiken,1,202,0,0,0.0,0.0,0.0
hd031d12,prop,2025/26,Budgetpropositionen för 2026 - Utgiftsområde 10 Ekonomisk trygghet vid sjukdom och funktionsnedsättning,4,811,0,0,0.0,0.0,0.0
hb03118,prop,2023/24,Riksrevisionens rapport om informationssäkerhet vid universitet och högskolor – hanteringen av skyddsvärda forskningsdata,3,671,0,0,0.0,0.0,0.0
gx0342,prop,2009/10,Ett ytterligare förstärkt jobbskatteavdrag,11,2232,0,0,0.0,0.0,0.0
h903203,prop,2021/22,Utvecklingen på it-området när det gäller integritet och ny teknik,333,68378,28,41,0.4094824434402375,0.5995992921803478,-0.1901168487401103
ha03111,prop,2022/23,Riksrevisionens rapport om statens insatser för klimatanpassning av den byggda miljön,1,223,0,0,0.0,0.0,0.0
hb0326,prop,2023/24,Riksrevisionens rapport om regeringens styrning av samhällets informations- och cybersäkerhet,1,223,0,0,0.0,0.0,0.0
ha0336,prop,2022/23,Riksrevisionens rapport om statliga insatser för att stimulera investeringar i datorhallar,1,202,0,0,0.0,0.0,0.0
hb031d18,prop,2023/24,"Budgetpropositionen för 2024 - Utgiftsområde 17 Kultur, medier, trossamfund och fritid",3,671,0,0,0.0,0.0,0.0
gk035,prop,1996/97,Forskning och samhälle,1,202,0,0,0.0,0.0,0.0
gf03142,prop,1991/92,"om godkännande av frihandelsavtal mellan Sverige och Lettland, m.m",2,405,0,0,0.0,0.0,0.0
gf03170d3,prop,1991/92,Proposition 1991/92:170,4,811,0,0,0.0,0.0,0.0
h103130,prop,2013/14,Redovisning av AP-fondernas verksamhet t.o.m. 2013,2,405,0,0,0.0,0.0,0.0
hc031d25,prop,2024/25,Budgetpropositionen för 2025 - Utgiftsområde 24 Näringsliv,1,202,0,0,0.0,0.0,0.0
hd031,prop,2025/26,Budgetpropositionen för 2026,19,3877,0,0,0.0,0.0,0.0
h103113,prop,2013/14,Gränsöverskridande förvaltning och marknadsföring av alternativa investeringsfonder,2,405,0,0,0.0,0.0,0.0
h3031,prop,2015/16,Budgetproposition för 2016,16,3247,0,0,0.0,0.0,0.0
h70318,prop,2019/20,Arbetet i frågor som rör Kina,6,1217,1,0,0.8210180623973727,0.0,0.8210180623973727
go033,prop,2000/01,Forskning och förnyelse,1,223,0,0,0.0,0.0,0.0
hb0390,prop,2023/24,Nordiskt samarbete 2023,2,447,0,0,0.0,0.0,0.0
h503259,prop,2017/18,En strategi för svensk rymdverksamhet,2,426,0,0,0.0,0.0,0.0
h903225,prop,2021/22,Den offentliga sektorns tillgängliggörande av data,12,2595,1,0,0.3852080123266564,0.0,0.3852080123266564
h90385,prop,2021/22,En ny konsumentköplag,1,223,0,1,0.0,4.464285714285714,-4.464285714285714
hc031d3,prop,2024/25,Budgetpropositionen för 2025 - Utgiftsområde 2 Samhällsekonomi och finansförvaltning,4,832,0,2,0.0,2.4009603841536613,-2.4009603841536613
h603140,prop,2018/19,2019 års redogörelse för företag med statligt ägande,13,2659,0,0,0.0,0.0,0.0
h9031d22,prop,2021/22,Budgetpropositionen för 2022 - Utgiftsområde 20 Allmän miljö- och naturvård,3,629,0,0,0.0,0.0,0.0
ha03103,prop,2022/23,Kommittéberättelse – kommittéernas verksamhet under 2022,4,874,0,0,0.0,0.0,0.0
h903266,prop,2021/22,Riksrevisionens rapport om digitala läkarbesök och hyrläkare i sjukskrivningsprocessen,1,223,0,0,0.0,0.0,0.0
gw0339,prop,2008/09,Sänkt skatt på förvärvsinkomster,7,1420,0,0,0.0,0.0,0.0
ha031d7,prop,2022/23,Budgetpropositionen för 2023 - Utgiftsområde 6 Försvar och samhällets krisberedskap,1,223,0,0,0.0,0.0,0.0
hd031d11,prop,2025/26,"Budgetpropositionen för 2026 - Utgiftsområde 9 Hälsovård, sjukvård och social omsorg",2,426,0,0,0.0,0.0,0.0
gd0368,prop,1989/90,1989/90:68,3,608,0,1,0.0,1.6420361247947455,-1.6420361247947455
hd031d26,prop,2025/26,Budgetpropositionen för 2026 - Utgiftsområde 24 Näringsliv,12,2456,0,0,0.0,0.0,0.0
h9031d19,prop,2021/22,"Budgetpropositionen för 2022 - Utgiftsområde 17 Kultur, medier, trossamfund och fritid",3,671,0,0,0.0,0.0,0.0
h503202,prop,2017/18,En politik för tillväxt och utveckling i svensk industri,11,2329,0,0,0.0,0.0,0.0
h003130,prop,2012/13,Redovisning av AP-fondernas verksamhet t.o.m. 2012,3,608,0,0,0.0,0.0,0.0
hc03151,prop,2024/25,Riksrevisionens rapport om Säkerhetspolisens verksamhet,2,447,0,0,0.0,0.0,0.0
gj0329,prop,1995/96,Europaavtalet mellan Europeiska gemenskaperna och deras medlemsstater och Litauen,1,202,0,0,0.0,0.0,0.0
ha03129,prop,2022/23,Riksrevisionens rapport om Polismyndighetens hantering av mängdbrott,1,202,0,0,0.0,0.0,0.0
hd031d2,prop,2025/26,Budgetpropositionen för 2026 - Finansplanen,19,3877,0,0,0.0,0.0,0.0
gl0356,prop,1997/98,Transportpolitik för en hållbar utveckling,1,202,0,0,0.0,0.0,0.0
gi03200,prop,1994/95,Lag om vissa personregister för officiell statistik m.m.,1,202,0,0,0.0,0.0,0.0
gh03111,prop,1993/94,Med sikte på hållbar utveckling; Genomförande av besluten vid FN:s konferens om miljö och utveckling - UNCED,1,202,0,0,0.0,0.0,0.0
hc03125,prop,2024/25,Verksamheten inom Organisationen för säkerhet och samarbete i Europa (OSSE) under andra halvåret 2023 och helåret 2024,1,223,1,0,4.464285714285714,0.0,4.464285714285714
hc0360,prop,2024/25,"Forskning och innovation för framtid, nyfikenhet och nytta",64,13329,3,2,0.2250562640660165,0.15003750937734434,0.07501875468867217
ge03100,prop,1990/91,med förslag till statsbudget för budgetåret 1991/92,1,202,0,0,0.0,0.0,0.0
gh0316,prop,1993/94,om ändring i lagen (1985:193) om internationell järnvägstrafik,1,202,0,0,0.0,0.0,0.0
h603103,prop,2018/19,Kommittéberättelse - kommittéernas verksamhet under 2018,2,426,0,0,0.0,0.0,0.0
hc0375,prop,2024/25,Riksdagens skrivelser till regeringen – åtgärder under 2024,1,223,0,0,0.0,0.0,0.0
hd0379,prop,2025/26,Riksrevisionens rapport om Skatteverkets åtgärder mot svartarbete,1,202,0,0,0.0,0.0,0.0
h903140,prop,2021/22,2022 års redogörelse för företag med statligt ägande,2,405,0,0,0.0,0.0,0.0
h80388,prop,2020/21,Riksrevisionens rapport om automatiserat beslutsfattande i statsförvaltningen,23,4752,2,0,0.42078687144961074,0.0,0.42078687144961074
gk03143,prop,1996/97,Partnerskaps- och samarbetsavtal med Ukraina,1,202,0,0,0.0,0.0,0.0
hb031d23,prop,2023/24,Budgetpropositionen för 2024 - Utgiftsområde 22 Kommunikationer,36,7370,4,7,0.542667209333876,0.9496676163342831,-0.40700040700040707
ha031d8,prop,2022/23,Budgetpropositionen för 2023 - Utgiftsområde 7 Internationellt bistånd,1,223,0,0,0.0,0.0,0.0
hb03111,prop,2023/24,Strategi för företag i kulturella och kreativa branscher,6,1238,0,0,0.0,0.0,0.0
gh0313,prop,1993/94,Redovisning av Allmänna pensionsfondens verksamhet år 1992,4,811,0,0,0.0,0.0,0.0
gk03144,prop,1996/97,Europaavtalet mellan Europeiska gemenskaperna och deras medlemsstater och Slovenien,3,608,0,0,0.0,0.0,0.0
hd031d29,prop,2025/26,Budgetpropositionen för 2026 - Utgiftsområde 27 Avgiften till Europeiska unionen,1,202,0,0,0.0,0.0,0.0
hc03155,prop,2024/25,Stärkt konstitutionell beredskap,6,1238,0,3,0.0,2.4213075060532687,-2.4213075060532687
gi031,prop,1994/95,Finska språkets ställning i Sverige,1,202,0,0,0.0,0.0,0.0
h70399,prop,2019/20,Vårändringsbudget för 2020,1,223,0,0,0.0,0.0,0.0
gn031d3,prop,1999/2000,Budgetpropositionen för 2000,1,202,0,0,0.0,0.0,0.0
h80390,prop,2020/21,Nordiskt samarbete 2020,2,447,0,0,0.0,0.0,0.0
gj0334,prop,1995/96,Europa-Medelhavsavtalet mellan Europeiska gemenskaperna och deras medlemsstater och Tunisien,1,202,0,0,0.0,0.0,0.0
h803105,prop,2020/21,Ungdomspolitisk skrivelse,1,223,0,0,0.0,0.0,0.0
hc03208,prop,2024/25,Ett mer heltäckande straffansvar vid angrepp på företagshemligheter,1,202,0,0,0.0,0.0,0.0
h803103,prop,2020/21,Kommittéberättelse - kommittéernas verksamhet under 2020,4,874,0,0,0.0,0.0,0.0
h703103,prop,2019/20,Kommittéberättelse - kommittéernas verksamhet under 2019,4,853,0,0,0.0,0.0,0.0
h203130,prop,2014/15,Redovisning av AP-fondernas verksamhet t.o.m. 2014,2,405,0,0,0.0,0.0,0.0
gf03144,prop,1991/92,"om godkännande av frihandelsavtal mellan Sverige och Litauen, m.m.",1,202,0,0,0.0,0.0,0.0
gm03111,prop,1998/99,Lägesrapport två om IT-omställningen i samhället inför år 2000,1,202,0,0,0.0,0.0,0.0
h80360,prop,2020/21,"Forskning, frihet, framtid - kunskap och innovation för Sverige",32,6618,0,2,0.0,0.3021604471974618,-0.3021604471974618
hc0390,prop,2024/25,Nordiskt samarbete 2024,8,1686,0,1,0.0,0.5927682276229994,-0.5927682276229994
gj0310d2,prop,1995/96,Års- och koncernredovisning,1,202,0,0,0.0,0.0,0.0
hc0372,prop,2024/25,"Forskning och innovation på energiområdet för försörjningstrygghet, konkurrenskraft och klimatomställning",1,202,0,0,0.0,0.0,0.0
ha03140,prop,2022/23,2023 års redogörelse för företag med statligt ägande,7,1420,0,0,0.0,0.0,0.0
hc031d23,prop,2024/25,Budgetpropositionen för 2025 - Utgiftsområde 22 Kommunikationer,56,11430,4,5,0.3499256408013297,0.43740705100166216,-0.08748141020033245
hd031d7,prop,2025/26,Budgetpropositionen för 2026 - Utgiftsområde 5 Internationell samverkan,3,608,0,0,0.0,0.0,0.0
gg03212,prop,1992/93,om godkännande av frihandelsavtal m.m. mellan EFTA-staterna och Bulgarien,3,608,0,1,0.0,1.6420361247947455,-1.6420361247947455
h70390,prop,2019/20,Nordiskt samarbete 2019,1,223,0,0,0.0,0.0,0.0
h703115,prop,2019/20,Verksamheten i Europeiska unionen under 2019,9,1931,0,0,0.0,0.0,0.0
h5031,prop,2017/18,Budgetpropositionen för 2018,1,202,0,0,0.0,0.0,0.0
hd031d8,prop,2025/26,Budgetpropositionen för 2026 - Utgiftsområde 6 Försvar och samhällets krisberedskap,2,418,0,0,0.0,0.0,0.0
ha03116,prop,2022/23,Ett granskningssystem för utländska direktinvesteringar till skydd för svenska säkerhetsintressen,5,1098,0,0,0.0,0.0,0.0
h703167,prop,2019/20,"Extra ändringsbudget för 2020 – Stöd till hälso- och sjukvården, utbildningsinsatser och andra åtgärder med anledning av coronaviruset",1,223,0,0,0.0,0.0,0.0
hd0384,prop,2025/26,Ett stärkt konsumentskydd vid distansavtal,1,223,1,0,4.464285714285714,0.0,4.464285714285714
gg03157,prop,1992/93,1992/93:157,8,1623,0,0,0.0,0.0,0.0
h603127,prop,2018/19,Skyddsobjekt och obemannade farkoster,5,1119,0,0,0.0,0.0,0.0
h703140,prop,2019/20,2020 års redogörelse för företag med statligt ägande,2,405,0,0,0.0,0.0,0.0
gj0383,prop,1995/96,Säkrare finansiering av framtida kärnavfallskostnader m.m.,2,405,1,0,2.4630541871921183,0.0,2.4630541871921183
ha03115,prop,2022/23,Verksamheten i Europeiska unionen under 2022,11,2442,0,0,0.0,0.0,0.0
ha031d23,prop,2022/23,Budgetpropositionen för 2023 - Utgiftsområde 22 Kommunikationer,6,1238,0,0,0.0,0.0,0.0
hb03103,prop,2023/24,Kommittéberättelse – kommittéernas verksamhet under 2023,11,2295,0,0,0.0,0.0,0.0
hb03163,prop,2023/24,Nationell säkerhetsstrategi,7,1441,0,5,0.0,3.4674063800277395,-3.4674063800277395
h603115,prop,2018/19,Verksamheten i Europeiska unionen under 2018,10,2155,0,1,0.0,0.46382189239332094,-0.46382189239332094
h9031d24,prop,2021/22,Budgetpropositionen för 2022 - Utgiftsområde 22 Kommunikationer,19,3940,4,0,1.0149708195889369,0.0,1.0149708195889369
h903236,prop,2021/22,Resultatskrivelse om utvecklingssamarbete och humanitärt bistånd genom multilaterala organisationer,2,426,0,0,0.0,0.0,0.0
h803211,prop,2020/21,Redovisning av fördelning av medel från Allmänna arvsfonden under budgetåret 2020,1,223,0,0,0.0,0.0,0.0
h9031d8,prop,2021/22,Budgetpropositionen för 2022 - Utgiftsområde 7 Internationellt bistånd,3,629,0,0,0.0,0.0,0.0
hd031d20,prop,2025/26,"Budgetpropositionen för 2026 - Utgiftsområde 18 Samhällsplanering, bostadsförsörjning och byggande samt konsumentpolitik",5,1077,0,0,0.0,0.0,0.0
ge03172,prop,1990/91,om godkännande av avtal mellan Sverige och den Europeiska ekonomiska gemenskapen avseende ERASMUS-programmet,1,202,0,0,0.0,0.0,0.0
hb03114,prop,2023/24,Strategisk exportkontroll 2023 – krigsmateriel och produkter med dubbla användningsområden,3,650,0,0,0.0,0.0,0.0
gt0375,prop,2005/06,Redogörelse för behandlingen av riksdagens skrivelser till regeringen,1,202,0,0,0.0,0.0,0.0
ha031d18,prop,2022/23,"Budgetpropositionen för 2023 - Utgiftsområde 17 Kultur, medier, trossamfund och fritid",3,629,0,0,0.0,0.0,0.0
h903200,prop,2021/22,Hårdare regler för nya nikotinprodukter,1,223,0,0,0.0,0.0,0.0
go03130,prop,2000/01,Svenska miljömål - delmål och åtgärdsstrategier Prop. 2000/01:130,1,202,0,0,0.0,0.0,0.0
h60390,prop,2018/19,Nordiskt samarbete 2018,4,895,0,0,0.0,0.0,0.0
hc031d17,prop,2024/25,Budgetpropositionen för 2025 - Utgiftsområde 16 Utbildning och universitetsforskning,3,608,0,1,0.0,1.6420361247947455,-1.6420361247947455
h1031,prop,2013/14,"Budgetproposition 2014 Förslag till statens budget för 2014, Finansplan och skattefrågor, kapitel 1-6",11,2232,0,0,0.0,0.0,0.0
ha0326,prop,2022/23,Verksamhet inom Europarådets ministerkommitté under helåret 2021 och första halvåret 2022,15,3359,1,1,0.29761904761904767,0.29761904761904767,0.0
hd031d4,prop,2025/26,Budgetpropositionen för 2026 - Utgiftsområde 2 Samhällsekonomi och finansförvaltning,7,1462,0,0,0.0,0.0,0.0
hc031d20,prop,2024/25,Budgetpropositionen för 2025 - Utgiftsområde 19 Regional utveckling,1,223,0,0,0.0,0.0,0.0
gd0390,prop,1989/90,om forskning,2,405,0,0,0.0,0.0,0.0
h90390,prop,2021/22,Nordiskt samarbete 2021,1,202,0,0,0.0,0.0,0.0
hd0388,prop,2025/26,"Framtidens dataskydd vid Skatteverket, Tullverket och Kronofogdemyndigheten",12,2456,1,0,0.40700040700040696,0.0,0.40700040700040696
hc031d18,prop,2024/25,"Budgetpropositionen för 2025 - Utgiftsområde 17 Kultur, medier, trossamfund och fritid",5,1056,0,0,0.0,0.0,0.0
gi03158,prop,1994/95,Ny myndighetsorganisation inom arbetslivsområdet m.m.,3,608,0,0,0.0,0.0,0.0
h503186,prop,2017/18,Inkorporering av FN:s konvention om barnets rättigheter,1,202,0,0,0.0,0.0,0.0
hb0395,prop,2023/24,"Partnerskapsavtal mellan Europeiska unionen och dess medlemsstater och medlemmarna i organisationen för stater i Afrika, Karibien och Stillahavsområdet",5,1119,0,0,0.0,0.0,0.0
go03120,prop,2000/01,2001 år redogörelse för företag med statligt ägande,1,202,0,0,0.0,0.0,0.0
h2031,prop,2014/15,Budgetproposition för 2015,16,3247,0,0,0.0,0.0,0.0
h9031d7,prop,2021/22,Budgetpropositionen för 2022 - Utgiftsområde 6 Försvar och samhällets krisberedskap,1,223,0,0,0.0,0.0,0.0
h903130,prop,2021/22,Redovisning av AP-fondernas verksamhet t.o.m. 2021,2,405,0,0,0.0,0.0,0.0
gf0380,prop,1991/92,1991/92:80,6,1217,0,0,0.0,0.0,0.0
h703193,prop,2019/20,Kompletterande bestämmelser till EU:s förordning om utländska direktinvesteringar,2,447,0,0,0.0,0.0,0.0
hc03121,prop,2024/25,Nationell strategi för cybersäkerhet 2025–2029,12,2435,1,6,0.41050903119868637,2.4630541871921183,-2.052545155993432
ha031d17,prop,2022/23,Budgetpropositionen för 2023 - Utgiftsområde 16 Utbildning och universitetsforskning,1,223,0,0,0.0,0.0,0.0
ha0331,prop,2022/23,Behandling av personuppgifter vid antalsberäkning inför klinisk forskning,3,663,0,0,0.0,0.0,0.0
hb031d25,prop,2023/24,Budgetpropositionen för 2024 - Utgiftsområde 24 Näringsliv,4,853,0,0,0.0,0.0,0.0
hd031d18,prop,2025/26,Budgetpropositionen för 2026 - Utgiftsområde 16 Utbildning och universitetsforskning,15,3065,1,2,0.32615786040443573,0.6523157208088715,-0.32615786040443573
h803129,prop,2020/21,Genomförande av ändringar i Solvens II-direktivet,1,202,0,0,0.0,0.0,0.0
gg03170,prop,1992/93,Forskning för kunskap och framsteg,2,405,0,0,0.0,0.0,0.0
h803115,prop,2020/21,Verksamheten i Europeiska unionen under 2020,13,2785,0,0,0.0,0.0,0.0
